leftStudyLocusId,rightStudyLocusId,studyId,chromosome,h0,h1,h2,h3,h4,traitFromSource,studyType,numberColocalisingVariants,variantId,isTransQtl,rightStudyType
8c3672c9822525cc91ec0e3b164ec7ec,363d740259e5ef96863c6690bf99f42e,GCST90092966,2,4.103600294392632e-250,6.717447605375079e-153,6.108868331342376e-101,4.103600294803021e-258,1.0,Triglyceride levels in small LDL,gwas,1,2_27508073_T_C,,gwas
b27d089888c12f39398df55581513e3f,48597ac988b6a51483baee8405eb3028,GCST90446053,11,0.0,0.0,7.930471072405102e-28,0.0,1.0,Free Cholesterol to Cholesterol in Small VLDL percentage,gwas,1,11_117204850_C_T,,gwas
e792964bda81a15aae6c989ff142e946,873e6f2a9ca732268784845917413c97,GCST90092998,19,0.0,0.0,0.0,0.0,1.0,Free cholesterol levels in VLDL,gwas,1,19_44730118_A_G,,gwas
c342e99fe3535b6a7275c1fe56b0aab9,70b7b538dc50f4915586687f3938ff12,gtex_leafcutter_pituitary_16_72057466_72058254_clu_26386__,16,1.2859420730826384e-46,6.479516648869841e-28,1.984626543566243e-22,1.2859420732112234e-54,1.0,16:72057466:72058254:clu_26386_+,sqtl,1,16_72110275_T_C,False,sqtl
83bd609f3e6f64d82119189a2157f400,6974810b53d25e2811af09ab322045b0,GCST90092966,11,0.0,4.061046330927552e-265,5.333661550570897e-122,0.0,1.0,Triglyceride levels in small LDL,gwas,1,11_116778201_G_C,,gwas
db9ea696ee549f86d99a00940dd52aaf,ae6247d0753e7575d720a0191cb03844,GCST90480670,4,0.0,0.0,0.0,0.0,1.0,"red blood cell count (RBC, minimum, inv-norm transformed)",gwas,1,4_54542708_A_T,,gwas
e51b63cbb84542bbc9aa392d0b476962,8e5f2e56085239f76c484700304e3a49,GCST90002406,2,3.984757748538158e-111,1.8690348054316768e-59,2.131986914827975e-55,3.9847577489366625e-119,1.0,Reticulocyte fraction of red cells,gwas,1,2_27508073_T_C,,gwas
e52e4965d69c638e9336e21415023d0d,33d61e3bcdc436d6b561c3711564903b,GCST90301977,19,1.9845032214563115e-188,5.852405946919685e-115,3.3909186058782632e-77,1.984503221654776e-196,1.0,Cholesterol esters in IDL,gwas,1,19_44927023_C_G,,gwas
838a30097156d138f6d5864bb6029b4a,796b7c6ab49d93bae427ed493aa4fea0,GCST90092998,2,1.7337236215792623e-107,2.414788357146466e-73,7.179608997403143e-38,1.733723621752647e-115,1.0,Free cholesterol levels in VLDL,gwas,1,2_27508073_T_C,,gwas
d3fc3c7913e3d8e3b3854a97e700da0f,9661b3976626c5594803763a34e5bd7c,GCST90384345,12,0.0,0.0,0.0,0.0,1.0,T1 FreeSurfer DKT rh superiortemporal thickness,gwas,1,12_111648295_T_C,,gwas
97f91f7fa64f5f5ac4d51d5071084117,39c7aaf7e3ce1e590066eb798debcc9d,GCST90445952,4,0.0,0.0,0.0,0.0,1.0,Cholesteryl esters to total lipids in medium HDL percentage (UKB data field 23641),gwas,1,4_967403_A_G,,gwas
92545d7e99e4f920134c5194ab90dea1,7409db9d8f56e9bcd08253db31d33f1f,GCST90269700,17,2.54274350698397e-43,9.276062027723867e-32,2.7411885554283015e-15,2.5427435072382265e-51,1.0,Triglycerides to total lipids in small VLDL percentage (UKB data field 23603),gwas,1,17_69085137_A_G,,gwas
85426f1f062ec2bf75d1795ab553fb2b,9b039392ab7114465c8555d22a03502b,UKB_PPP_EUR_TNFSF10_P50591_OID20611_v1,14,1.4744858800774812e-282,2.364976894725979e-264,6.234673511464471e-22,1.4744858802249402e-290,1.0,TNFSF10:P50591:OID20611:v1,pqtl,1,14_94378610_C_T,True,pqtl
6193b975f710c23eb0e4bbae50cd12b7,0f218a8ee9421e617c7afa45cd482067,GCST90302034,15,0.0,0.0,4.947520146225137e-207,0.0,1.0,Cholesteryl esters to total lipids ratio in medium HDL,gwas,1,15_58386521_T_C,,gwas
fdc48ef3b80f95ec3d865682375d6e1d,c569698891f5cbe7dde0e689731b350a,GCST90092845,19,0.0,0.0,0.0,0.0,1.0,Cholesterol to total lipids ratio in large HDL,gwas,1,19_44909976_G_T,,gwas
86264860bce3234ddc03db7f0781360d,578f521d32ce05be6ebcc0f7fd807c9b,UKB_PPP_EUR_CETN3_O15182_OID31525_v1,3,1.488232844628941e-60,4.999753232209757e-42,2.976612595680412e-22,1.488232844777775e-68,1.0,CETN3:O15182:OID31525:v1,pqtl,1,3_56815721_T_C,True,pqtl
ea18fd15145f793d7b7b38218510e018,d42b09e60a739051e025b6d0e9d43bd8,GCST90092998,19,0.0,6.95184642501574e-83,0.0,0.0,1.0,Free cholesterol levels in VLDL,gwas,1,19_44908684_T_C,,gwas
cd0a3246b3429b0db3d6c998b43ed827,605cdce4f5b11cd2f9116eaa5e080b84,GCST90301989,19,0.0,0.0,0.0,0.0,1.0,Ratio of 18:2 linoleic acid to total fatty acids,gwas,1,19_44730118_A_G,,gwas
fd6520934cb4c56e67a2b825001bb411,2978124dbb216a62674b51db102fada0,GCST90269604,11,0.0,7.202363161141742e-61,0.0,0.0,1.0,Free cholesterol in medium VLDL (UKB data field 23507),gwas,1,11_116778201_G_C,,gwas
c8226b664635f87096304d9dd834b479,b746083509ba3ea495d64a7d5267ca71,GCST90092965,19,1.5838029364302173e-62,1.784728716578007e-21,8.874194277923555e-45,1.583802936588609e-70,1.0,Phospholipids to total lipids ratio in small LDL,gwas,1,19_8364439_G_A,,gwas
72218d09794feda396eca9bdfb201f6e,0dc42aca704d7e106273d1052bacec65,UKB_PPP_EUR_PTPRM_P28827_OID20598_v1,17,4.1330117335673275e-67,8.854399660058567e-45,4.6677492458478544e-26,4.1330117339806585e-75,1.0,PTPRM:P28827:OID20598:v1,pqtl,1,17_7166093_G_A,True,pqtl
8733a78895ecfe4ce4c7188bad95f59d,3808f544a7b7068a58311aef5bbfce66,GCST90041784,19,0.0,3.1757820332672094e-25,0.0,0.0,1.0,Spread type: Butter/spreadable butter (UKB data field 1428_1),gwas,1,19_44908684_T_C,,gwas
d7bc87fe02fd49b961cb1baaa3170d66,199a075539435cb3d7f27e501bfbc60b,GCST90092974,11,0.0,9.973564568098168e-217,1e-322,0.0,1.0,Total lipid levels in small VLDL,gwas,1,11_116778201_G_C,,gwas
56ba79762ee16db362f441e8d0f93327,14ac300916eb94ebd4ff9fe5d97e16f9,GCST90302166,19,9.896868793189673e-76,5.580991577125142e-26,1.7733172781973114e-53,9.89686879417943e-84,1.0,Free cholesterol levels in chylomicrons and extremely large VLDL,gwas,1,19_8364439_G_A,,gwas
ff470452baa952806ce22a3dcd48bc6d,ec12b3669cbecb460c8299d067e60cf5,GCST90014008,2,0.0,6.921922444662583e-144,0.0,0.0,1.0,IGF 1 (UKB data field 30770),gwas,1,2_27508073_T_C,,gwas
f9d50310017224fb5f1a7dc7f30e4b11,d312f3e399e06f03a9fe46e134a02db0,GCST90269604,19,0.0,0.0,0.0,0.0,1.0,Free cholesterol in medium VLDL (UKB data field 23507),gwas,1,19_44717666_C_A,,gwas
e668c4391c953af3a6ffac640ce9eb22,82228fc8b5ac68bd90200bd4a578b715,GCST90092900,19,0.0,0.0,0.0,0.0,1.0,Phospholipid levels in medium HDL,gwas,1,19_44738850_G_A,,gwas
7b4dfec811f53d6a275c7d3812afcc50,4e8eb358943c7def45b9bd4dec9c3d69,GCST90132656,11,0.0,3.1211731071732244e-67,0.0,0.0,1.0,Phospholipid levels in medium VLDL,gwas,1,11_116778201_G_C,,gwas
4653d0736159129badedeabf7932fb04,264414a8c3464d94459e0f7d2316772f,GCST90179357,1,0.0,0.0,1.272957542771637e-58,0.0,1.0,Monocyte chemoattractant protein-1 levels,gwas,1,1_159205564_G_A,,gwas
9d885d4ae7197e050cdb715f646a1550,5ce2deab0bc0d89290d97d2a172ad4be,GCST90446122,15,0.0,0.0,0.0,0.0,1.0,Total lipids in very large VLDL (UKB data field 23489),gwas,1,15_43910847_A_C,,gwas
54c52473a6d5592a8e3c8fa6fe5e16ab,3b55e06fdb5ed86e17ce5728c58d221e,GCST90093013,17,9.246148095509996e-67,6.528959958982827e-48,1.4161747282258757e-22,9.246148096434676e-75,1.0,Phospholipids to total lipids ratio in very large HDL,gwas,1,17_7166093_G_A,,gwas
056c4db56ad5817255ea9fada4bd6460,0496a6b746ba0be17df79a332f7240e1,GCST90445870,18,0.0,0.0,0.0,0.0,1.0,Cholesteryl Esters to Cholesterol in IDL percentage,gwas,1,18_49634444_A_G,,gwas
e94188d710ab598dd0ab9865bbf9af24,11221d3774b0659833c46e32ade7e63b,GCST90445993,1,0.0,0.0,0.0,0.0,1.0,Phospholipids in medium VLDL (UKB data field 23504),gwas,1,1_55037775_A_G,,gwas
f05e95ca63a7b7ceee0dfb71f1d26aed,6c15ba17c6ccf1d6afbd57da69d679f6,GCST90019495,9,0.0,0.0,0.0,0.0,1.0,Apolipoprotein A1 levels,gwas,1,9_133274414_A_G,,gwas
c347be99813a18d119639c11d3a25557,1ef8ffa97f26c990fd28f1838330bab9,GCST90446113,7,0.0,0.0,0.0,0.0,1.0,Cholesteryl esters in very large VLDL (UKB data field 23492),gwas,1,7_73604744_T_C,,gwas
ac302a8fb24183cf3d1bc0188caceb01,26145087ff5c91025c9d7e316b56a182,GCST90013978,9,4.519274084899854e-45,8.564594838442329e-19,5.2766933756341266e-30,4.519274085351813e-53,1.0,Haemoglobin concentration (UKB data field 30020),gwas,1,9_4118111_G_T,,gwas
6273008422c9e69ea39629f4ce641900,5f79ad66d384ff3a4191525e7e856b70,GCST90445952,17,0.0,9.207434718126798e-70,0.0,0.0,1.0,Cholesteryl esters to total lipids in medium HDL percentage (UKB data field 23641),gwas,1,17_43848758_C_T,,gwas
8346a6607a25d7e087df003b05fc2e03,4e1b12908ed9525c16d5f3e1cb3f4c0e,GCST90445940,11,0.0,0.0,0.0,0.0,1.0,Free Cholesterol to Cholesteryl Esters in Large VLDL ratio,gwas,1,11_61829161_C_T,,gwas
ac7ae2de102661a63e9a5e5422bd59a7,1ffa3e1c9673f773a16d63a34bd758f1,GCST90445952,19,8.273055620271355e-106,1.7298414992661688e-72,4.782551247487806e-37,8.27305562109872e-114,1.0,Cholesteryl esters to total lipids in medium HDL percentage (UKB data field 23641),gwas,1,19_8364439_G_A,,gwas
87918a2b86296c160d669e5dcdbeb470,473cffaddbf9b3c613985fb83a89d654,UKB_PPP_EUR_F11_P03951_OID30773_v1,2,2.1786243295484504e-42,7.405022521385012e-20,2.9420900790737687e-26,2.1786243297662976e-50,1.0,F11:P03951:OID30773:v1,pqtl,1,2_27508073_T_C,True,pqtl
b11037e976693648f449190a84f98994,153cbb1f98280f37464fc50e2dec4680,GCST90301957,19,0.0,0.0,0.0,0.0,1.0,Esterified cholesterol levels,gwas,1,19_44730874_G_A,,gwas
637bc7e3055ead3be3b635a0c60adbd6,4fa2e8f76787c5b514fe4ab835bc5945,GCST90445909,19,0.0,0.0,0.0,0.0,1.0,Cholesterol to total lipids in large HDL percentage (UKB data field 23635),gwas,1,19_8396779_G_A,,gwas
c501529935fc0c83a822c4a67eaaec7c,7c7e2620aacdce07f17338720c5458b2,GCST90445974,5,0.0,0.0,0.0,0.0,1.0,Total lipids in medium LDL (UKB data field 23538),gwas,1,5_156976582_T_A,,gwas
2e4ac44c14c7ba71a0a3708169b89734,2eb667669a69883373b648a128c643cc,UKB_PPP_EUR_CEACAM16_Q2WEN9_OID31495_v1,2,0.0,2.429043645783137e-30,0.0,0.0,1.0,CEACAM16:Q2WEN9:OID31495:v1,pqtl,1,2_27508073_T_C,True,pqtl
7a2932e7fb752b57ffbc0b5622d73d6c,1b54178ca1381448e7cac747c8e073b2,GCST90445850,2,0.0,0.0,3.0004117327013042e-102,0.0,1.0,Glycoprotein acetyls levels (UKB data field 23480),gwas,1,2_27508073_T_C,,gwas
941910db688f42e29b398be7d5afda8d,5b8ccb70cc0f6f38d745369a088cc044,GCST90002351,16,3.3454822771476796e-180,5.008722590659483e-20,6.679312372752682e-164,3.3454822774822516e-188,1.0,Neutrophil count,gwas,1,16_85982722_C_T,,gwas
9653197c3f86445aca9bbed4b98c5f19,7a330fe4df99e46de24afc8aa899a2c8,GCST90479929,1,0.0,2.7250292730744184e-241,0.0,0.0,1.0,Disorders of lipid metabolism (PheCode 272),gwas,1,1_109274968_G_T,,gwas
efe9dac79000bc9145e4141c35427ebb,f74c17993c48ef0a36dad2f8533c78a6,UKB_PPP_EUR_GFRA3_O60609_OID20933_v1,17,2.429289075426667e-49,2.72584575416453e-25,8.912056273599606e-28,2.4292890756695787e-57,1.0,GFRA3:O60609:OID20933:v1,pqtl,1,17_7166093_G_A,True,pqtl
e7c8faca20c42197e8e65d981b9ca28e,5fb419e619b3ead6db8661153c5cea82,GCST90445890,11,0.0,0.0,0.0,0.0,1.0,Cholesteryl Esters to Total Lipids in LDL percentage,gwas,1,11_116662450_G_C,,gwas
8321337508ef085f52d0e4010ec4d3e3,57ee6264b694dcfed6fb7c82904eb5bb,GCST90269531,2,0.0,1.544280082646313e-65,0.0,0.0,1.0,Phosphoglycerides levels (UKB data field 23434),gwas,1,2_27508073_T_C,,gwas
e0593a40bb7acbb739b807bcc9894074,807959035dbccc15c987784bba8e900d,GCST90302114,6,0.0,2.9360090846636316e-26,0.0,0.0,1.0,Triglycerides in small VLDL,gwas,1,6_160591981_T_C,,gwas
4f2f9a4c8d621ee388dfdba3f882f8b7,386f08f1a94a004e8772bbee1833584b,GCST90445986,19,0.0,0.0,0.0,0.0,1.0,Cholesterol to total lipids in medium VLDL percentage (UKB data field 23595),gwas,1,19_44905579_T_G,,gwas
c852ed9d5f312e02f68432122acff95a,b9f77d2ab37a2e994567a28f6c9e4d99,GCST90002374,12,4.623549353540083e-29,1.9272001577093303e-16,2.3991017928493916e-16,4.623549354002405e-37,1.0,White blood cell count,gwas,1,12_109791629_C_A,,gwas
a89cbe3abb23c8f1127032ac85488873,386f08f1a94a004e8772bbee1833584b,GCST90445986,19,0.0,0.0,0.0,0.0,1.0,Cholesterol to total lipids in medium VLDL percentage (UKB data field 23595),gwas,1,19_44905579_T_G,,gwas
37f135b72d79924a331466356cc0f36e,16b1b154121cda3cd343398f814d3292,GCST90093013,9,0.0,0.0,0.0,0.0,1.0,Phospholipids to total lipids ratio in very large HDL,gwas,1,9_133279427_T_C,,gwas
2772fd56b55a863a811f2cae31db5ee2,277be2efea5c0100a9840fe03f38aca5,UKB_PPP_EUR_GALNT5_Q7Z7M9_OID30295_v1,17,1.402670051523217e-44,8.188752918033227e-29,1.7129226703546703e-19,1.4026700516634942e-52,1.0,GALNT5:Q7Z7M9:OID30295:v1,pqtl,1,17_7166093_G_A,True,pqtl
f5106e8bb36fba02cf357440ec8c77be,889b3daf604651dd312dd6b114c6cef5,GCST90445940,1,4.213375479643208e-115,7.145033054862773e-59,5.896929303602964e-60,4.2133754800645756e-123,1.0,Free Cholesterol to Cholesteryl Esters in Large VLDL ratio,gwas,1,1_55039974_G_T,,gwas
82ca15087f1988abeed66759ab40a451,262a2ff8d22db2eced95817b3059dd9f,GCST90269687,11,9.114898326532635e-121,1.6062575410342914e-24,5.674618231310332e-100,9.114898327444189e-129,1.0,Cholesterol to total lipids in large VLDL percentage (UKB data field 23590),gwas,1,11_116778201_G_C,,gwas
c5f228c0f1b389b20d665744e480d60a,44a040d0fda817fba8bd51412a6032f5,GCST90093044,19,2.155659681679685e-117,4.639787661250902e-55,4.646030894221082e-66,2.1556596818952664e-125,1.0,Free cholesterol levels in chylomicrons and extremely large VLDL,gwas,1,19_8364439_G_A,,gwas
b59af90831efa86a234dd73ab0ebb5ef,3302b369313563ad6cefb044f82747ef,GCST90013971,19,8.088432567886521e-283,2.6085537371095393e-52,3.1007345000484386e-234,8.088432568695423e-291,1.0,Any parental history of Alzheimer's disease (SPA correction),gwas,1,19_44885967_G_A,,gwas
e27458b47960a69c82873d74c9660270,8a085bb738aab165b709c4a2846e0c8d,GCST90445891,16,0.0,0.0,0.0,0.0,1.0,LDL cholesterol levels (UKB data field 23405),gwas,1,16_72114489_G_C,,gwas
f73c38719e85ff2c2d083e1cbfe40dd7,10695b145d652a087bb58cbb58461466,GCST90445909,19,0.0,0.0,0.0,0.0,1.0,Cholesterol to total lipids in large HDL percentage (UKB data field 23635),gwas,1,19_54293995_T_C,,gwas
e4b4eb2c5617f32e9ca32d11d09a1169,73c0f1665eca608ecfa3196b2d128885,GCST90270932,19,4.3400868023240455e-241,7.554595974514814e-210,5.744962162060111e-35,4.3400868027580854e-249,1.0,Duodenal ulcer,gwas,1,19_48751698_C_T,,gwas
b969ebe5ae44c509b284a70e288e14b7,028bbc1622ae6443565671458b8e74c6,GCST90132674,1,3.542846141042137e-295,8.385378302884838e-60,4.225028392366492e-239,3.542846141396447e-303,1.0,Cholesterol ester levels in medium LDL,gwas,1,1_53770571_T_G,,gwas
ed17b52f5c2df0ca12d31e2067b3dc3a,8659b05b92e4325951421804dc14b34e,GCST90445870,11,0.0,0.0,3.674199269463923e-40,0.0,1.0,Cholesteryl Esters to Cholesterol in IDL percentage,gwas,1,11_116778201_G_C,,gwas
b14e32e3656cc491f81846ff7f018cb4,565251af419c5b42c0eb4c9ad0d16564,GCST90445947,4,0.0,0.0,0.0,0.0,1.0,Phospholipids to total lipids in large VLDL percentage (UKB data field 23589),gwas,1,4_967403_A_G,,gwas
afa29129304436cbc71204784a90bcb0,31f9e61bf222c64f98a8d5b5ef0c8261,GCST90092989,11,1.1976301203779217e-58,1.9134905038976639e-41,6.258876738287644e-21,1.1976301204976932e-66,1.0,Total lipid levels in lipoprotein particles,gwas,1,11_116778201_G_C,,gwas
bc2829350815ae7482fe4212c338adde,5707a49866d3f0ab4dd6c458b40b3956,GCST90446035,12,0.0,0.0,0.0,0.0,1.0,Free Cholesterol to Cholesteryl Esters in Small LDL ratio,gwas,1,12_124022084_T_C,,gwas
d40b7e47958c5725bb0af912dc088dc1,bc36cb873986d3be98273a6e248e86a3,GCST90269664,20,2.203991712640251e-56,1.8010808210813377e-15,1.2237050591194708e-44,2.203991712860666e-64,1.0,Phospholipids in medium HDL (UKB data field 23567),gwas,1,20_44413724_C_T,,gwas
aa97a3dea7f61444533e5b76710683b4,62ee47de58d0369ce3ece0fe6ae225fe,GCST90475431,17,0.0,0.0,3.089867914957598e-277,0.0,1.0,"lymphocyte (fraction, maximum, inv-norm transformed)",gwas,1,17_39992780_G_A,,gwas
1660d7cfeb3058f763c264187da85c16,08f3e033536aef8ef99feb058fade9f6,GCST90301991,5,0.0,9.251542879904018e-87,0.0,0.0,1.0,Total cholesterol levels in LDL,gwas,1,5_75360714_T_C,,gwas
e19c761d3c8eb7ccd3b24cb04c7da465,ce18daf220f0711757d476713a12cccf,GCST90445890,2,0.0,0.0,1.0976036319029402e-69,0.0,1.0,Cholesteryl Esters to Total Lipids in LDL percentage,gwas,1,2_27508073_T_C,,gwas
cc29bed8bb973af52183723436d43abc,ca61d72ad2d6df794b95817987e49592,GCST90092854,19,0.0,0.0,0.0,0.0,1.0,Triglyceride levels in large HDL,gwas,1,19_44719710_G_T,,gwas
d6d16699de1e84594608d1dae800b447,b9bcb479a1c8e7e5736269643ace92ee,GCST90446047,19,0.0,0.0,0.0,0.0,1.0,Cholesteryl Esters to Cholesterol in Small VLDL percentage,gwas,1,19_44846112_T_C,,gwas
b0952b3dc552616c9c034dec1ba9cb93,6964d8397c232c1feb47128ef3b54c4d,GCST90092914,2,1.825627758641992e-216,7.796543458191111e-163,2.3415860739209005e-57,1.825627758824464e-224,1.0,Triglyceride levels in medium LDL,gwas,1,2_27508073_T_C,,gwas
e256dc433be75f5f204bc88924449deb,d6f3790482fef8a211c44c08e42850b3,GCST90092850,16,0.0,3.125869163217364e-17,0.0,0.0,1.0,Total lipid levels in large HDL,gwas,1,16_81501185_T_C,,gwas
7c82c49b8f2593bcc6bd0215a96c329f,20cd1a38a95081df8e6afd34655d8b0b,GCST90092974,2,0.0,1.4527288368527873e-100,0.0,0.0,1.0,Total lipid levels in small VLDL,gwas,1,2_27508073_T_C,,gwas
8e1700883ca58d312523acd2a0bab06b,2511b021c5d5b14446854f32136c461c,GCST90269605,11,1.2552120240056717e-106,2.268513346862642e-44,5.53319214868922e-66,1.255212024131166e-114,1.0,Triglycerides in medium VLDL (UKB data field 23508),gwas,1,11_116792412_C_T,,gwas
e1480f9794b10dd12e5604b4ed4ff0ed,20cd1a38a95081df8e6afd34655d8b0b,GCST90092974,2,7.007855191874491e-223,1.4527288368499796e-100,4.823925163535513e-126,7.007855192574928e-231,1.0,Total lipid levels in small VLDL,gwas,1,2_27508073_T_C,,gwas
b9983c1e3f623e3ecda688dd2508cfba,c7e715bf2fdadcee63d023d41f8b58d5,brainseq_txrev_brain_ensg00000139428_grp_1_contained_enst00000536760,12,0.0,3.9641039223008634e-25,0.0,0.0,1.0,ENSG00000139428.grp_1.contained.ENST00000536760,tuqtl,1,12_109564972_C_T,False,tuqtl
f32202251ac6ce34f0e75040daba1d40,65cc4fb9b62f598bff56dbc14fe6b2b1,GCST90475106,2,1.6631059323531018e-176,2.477366978599325e-52,6.713199726644277e-128,1.663105932519424e-184,1.0,"Albumin (minimum, inv-norm transformed)",gwas,1,2_27508073_T_C,,gwas
d0dbe3b3b86a45c4574127261c774123,799e04af24427a37e0ac7443c078f685,GCST90013971,19,0.0,0.0,0.0,0.0,1.0,Any parental history of Alzheimer's disease (SPA correction),gwas,1,19_44909976_G_T,,gwas
7746bdc91b5d8cd9fa53e94a0234212f,598aaf31bacf80f1a47f7985dea68f2d,GCST90013871,2,2.6875257357139246e-158,3.3372961321175483e-81,8.053003477425119e-81,2.6875257359826963e-166,1.0,Direct low density lipoprotein levels (UKB data field 30780),gwas,1,2_27375230_T_C,,gwas
e29861c0ae875e3e5ad33b8d44b72507,17a90e3e2daaac1a1a750f4ac7423c8b,GCST90446047,16,0.0,0.0,0.0,0.0,1.0,Cholesteryl Esters to Cholesterol in Small VLDL percentage,gwas,1,16_81501185_T_C,,gwas
9b4649981d90eb3ac5b55f085074ded1,1e07a097c62a4342f4d06cdf3ff51eea,GCST90301977,19,0.0,0.0,0.0,0.0,1.0,Cholesterol esters in IDL,gwas,1,19_11096293_G_A,,gwas
e2ca868ad42bd1b2d6744e5243e9573e,016e6dc4ee693b6b5267ec02887a5654,GCST90445909,19,1.2814000232792267e-112,1.357608222252858e-72,9.43865838667971e-44,1.2814000234073759e-120,1.0,Cholesterol to total lipids in large HDL percentage (UKB data field 23635),gwas,1,19_8364439_G_A,,gwas
e60b4c183dd527fdfe8210e7ebbe310e,13ad93c84000aa4b3e06d2453134dca4,GCST90479929,19,0.0,0.0,0.0,0.0,1.0,Disorders of lipid metabolism (PheCode 272),gwas,1,19_44915533_T_C,,gwas
7641d6d4b00c1f3683589e3ed716c68c,6a8a0a1446be279c2ba6a83178b767f7,GCST90002328,8,3.8934490073833966e-75,1.0461882834865671e-41,3.721556691887182e-37,3.893449007772769e-83,1.0,Mean corpuscular hemoglobin concentration,gwas,1,8_23566156_A_G,,gwas
5cd0448738adf655df2c165125a8b971,1fec8ea499e83fac64f158c36c0fca48,GCST90448632,2,1.0094951878418625e-30,5.393594866500771e-17,1.8716555707803663e-17,1.0094951879428048e-38,1.0,Total protein levels,gwas,1,2_27508073_T_C,,gwas
022d2bf7092da1c398a0f277a395e586,fd91e28dbff7299df22414a13624e5b0,UKB_PPP_EUR_CLTA_P09496_OID20118_v1,1,1.5470504803467212e-62,2.9434846536219906e-42,5.2558469378906345e-24,1.547050480501437e-70,1.0,CLTA:P09496:OID20118:v1,pqtl,1,1_247876149_C_T,True,pqtl
add7e064153a6b461061a44acf619e84,8a3d05180ea0a3c42a4dcd43cf7ed461,GCST90092989,19,0.0,0.0,0.0,0.0,1.0,Total lipid levels in lipoprotein particles,gwas,1,19_44738850_G_A,,gwas
8f4e6d7e8939766a61f33c26826b12ff,2f0e7a341a5213927c1cef69eafaddaa,GCST90269605,6,5.165189392681931e-29,5.2992091906437763e-17,9.747094720853007e-16,5.165189393198413e-37,1.0,Triglycerides in medium VLDL (UKB data field 23508),gwas,1,6_160596331_G_A,,gwas
5cfe9881a3f44c613221ac8c4fbfbadf,26f663ba160b1a176339b10bba27453d,GCST90092927,11,4.992392720755801e-162,3.0103759256857482e-151,1.658395112105045e-14,4.992392721255077e-170,1.0,Triglycerides to total lipids ratio in medium VLDL,gwas,1,11_116778201_G_C,,gwas
cf92126c44af66dff3594266c6678d68,cefa19f3d0fcbafb199555aeb400f414,GCST90445936,6,0.0,0.0,0.0,0.0,1.0,Cholesteryl Esters to Cholesterol in Large VLDL percentage,gwas,1,6_160570766_C_T,,gwas
de41ceb0f592fb695f3ece1179204fbd,77b85e9a75d4e486ddbd8b81147dfba9,GCST90093013,2,1.5641792925955515e-122,2.831948640921403e-45,5.523332132487666e-81,1.5641792927519806e-130,1.0,Phospholipids to total lipids ratio in very large HDL,gwas,1,2_27508073_T_C,,gwas
a393a5783e8bb7488ec65cc5872dd7e2,a343ff2505d1e57766d9eb034b0873e2,GCST90445934,11,0.0,0.0,8.73494477382613e-40,0.0,1.0,Triglycerides to total lipids in large LDL percentage (UKB data field 23618),gwas,1,11_117204850_C_T,,gwas
fdd0677d9eb08b14e8e10d14ff07fe92,d204ac939c30ebfc4085df6645de39a3,UKB_PPP_EUR_ASAH2_Q9NR71_OID20996_v1,17,5.313305031864026e-59,1.0979407596323886e-34,4.83933671762311e-28,5.3133050323953944e-67,1.0,ASAH2:Q9NR71:OID20996:v1,pqtl,1,17_69085137_A_G,True,pqtl
abd28ec92019e9d29b5b2c7d0072e081,8f1ce5b058ed24480f238e3404dce0f1,GCST90302090,15,0.0,0.0,1.476962647621348e-109,0.0,1.0,Triglycerides to total lipids ratio in small HDL,gwas,1,15_58382109_G_A,,gwas
f139ad011fc079949964de26c8cba607,9124648bc98c1d856cf9ddb4c237e1b9,GCST90002406,11,0.0,3.009141121050991e-40,0.0,0.0,1.0,Reticulocyte fraction of red cells,gwas,1,11_116778201_G_C,,gwas
bb414c86354d6926fef248d5a04275ee,a8706d8a0ab6d35d41dc087749985e54,GCST90446146,2,0.0,0.0,0.0,0.0,1.0,Cholesterol in chylomicrons and extremely large VLDL (UKB data field 23484),gwas,1,2_27520556_G_A,,gwas
