leftStudyLocusId,rightStudyLocusId,studyId,h4
8a76144dfd841893984c1356bf399cfe,6b60e7bef3f711be842792e06c50f8b5,GCST004606,0.8285809518980387
8a78233dbe29caedf80666da8205acac,7dcad6de65c0037cbb3c1e0b0e32bd19,GCST90479717,0.9984255726956199
8a7d4efeaf1ffee151897cf936f8ac51,00f0c8fd2e752a9d3aa662660e035e25,GCST90476431,0.7332948483261432
8a7d4efeaf1ffee151897cf936f8ac51,6f6bccf372ecf03b6ca37ccbfe50e0cf,GCST90476431,0.9384792376101562
8a7e211fc1e500fb45c55985ec1c7995,10a756dc133204c22fa00a61ac8239ce,GCST90132746,0.998440674581941
8a7e211fc1e500fb45c55985ec1c7995,11110d408e119deeaa82fd5b061cfb80,GCST90132746,0.998440674581941
8a7e211fc1e500fb45c55985ec1c7995,22f00ba3271bf9d87ed84679b88e9a2c,GCST90132746,0.998440674581941
8a7e211fc1e500fb45c55985ec1c7995,3cbdcecaed81b04572f591a3c319200e,GCST90132746,0.9954226736965309
8a808e4844f83620be61d36b30dcd4d0,91cc97142802c5a441488237cd3e4ccb,GCST90301976,0.9897902707491051
8a8260f261e93bee5851d473dc125b16,325ff238a50b644be649439697e7fd6f,GCST002783,0.9806439920403585
8a877ed72d0e31ce81b7afcfefd16752,1bb0f895f16451a1ca91fc79342e2dea,GCST90002304,0.9705828711491696
8a87c9660d7efbcbebb9909d6790fc6d,79f43f9afda26f363cfed82fb077bf31,GCST90013982,0.004129884527085682
8a889b79155b3b4955257c72eaf245b8,98fbae6b6161b05a8bcefc2eafceba85,GCST90002382,0.8932723531951208
8a8971dd0bef80a14e8f184f48d50dc6,317a8db45506deb9566fed720a733053,GCST90445889,1.0
8a899422aa7a9a1ac63fedbc03e1400b,d04ea2668a58737386267d2ad4799529,GCST90092953,0.08475589115671747
8a8a44a11e7c5e95b3549f9fc2a88b4b,cc696090a3d580d238e871edcfd656c2,GCST90018965,0.9297104733149828
8a8dd425c8afb5104b8e53918d5b5b10,7668f7ac0d600ceb8009089a4414600a,GCST90445985,1.0
8a8f7e146b8165afb161813a27a9d9dc,183692a2cfe0d24e445be6063bc18b16,GCST90013996,0.5863573201968225
8a908d3323107a08ef4f7fe0930ca82e,2c90d04ab2972497d5de096f683faffa,GCST90092985,0.9966769589598148
8a909d11cf5e858d49bbe2ec9c61d072,4c139384ad6d7585273c318f68cb29c8,GCST90445939,1.0
8a9487610bc7a27f745ff06b45fbab73,175e3384bd28487b33e31f1b8783c642,GCST90093022,0.98551237557745
8a94cc55437da98a37de2b4a36cf7898,5a9babba304939b4dd0b241b3423d6f5,GCST90092998,0.9971886079838669
8a95b188de2db1e167b41a5c0265642f,5e0fbc13b50b7744311dbc52d9d6e6ec,GCST90319193,0.9228415189643664
8a9b99018609c9c15e2b984a20463730,80ecd6754ebb9d1a26b75fb63f00c467,GCST90302161,0.9938147113513168
8a9c5bd0a84259a6af86a749731da9cd,7d1474ec6624f032fe8e27071c44daa1,GCST90018814,0.935330494793714
8a9cf9ef7c9a1f8dcebd620a52be518c,49e3881986fb625c869d19c5b5c99378,GCST90302088,0.9999999240352964
8a9ea23ebef39984c3f40f859fdee992,2e97e62764224f857ac438bc8f1645f7,GCST90024915,0.9925285842454381
8aa1e62bb8948f28c0db9ef066a1cbd0,4ed214be805e56721f0ac7aeb902905f,GCST90092966,0.9988779002830752
8aaae5626efbe9d89e4a61d1519eb3b2,5bc05ce5147e34aebbd5c47e3ae0cae9,GCST90013986,0.9987673839245115
8aaef293fb8da88eaecadcf99da694e2,a67f8f587114990678982fad3607f39d,GCST90092958,0.9206380921806802
8ab038fecaaf076cf4c490a743ab7c9a,8954911216d97bec1e1e9a8c13587ff9,GCST90092906,0.8504285726622048
8ab05ddac21c34972fb71593ed62f5d4,0487c7a8f937319eca01f68bd470e3ed,GCST90479510,0.9979970846592817
8ab2700a672e1c4316c9f33ff5f2775f,557a8d5a4bb390d461565d2150b6e616,GCST90092967,1.0
8ab301d9ddf7c5f703538a98385bfc05,5c7e1f7e458029c798f55a23583351be,GCST90446009,0.9805593026347645
8ac0314fb81d2cebe428441c97f98524,710f16fdfa58ba8cdbc72bb14c6b7d13,GCST90319607,0.9891201841031959
8ac0314fb81d2cebe428441c97f98524,876088caaaca512c6e617fbfc3c555f9,GCST90319607,0.993744634262651
8ac1e991328cbb7a016dd5f498390b34,74a718a8d4935dbebba7570bf76d6c2e,GCST90018767,0.9977696837928152
8ac71c6fa26dbf0911f84eff32d46ffc,1558381bb13a1c99b36e4206c605b7fa,GCST90093032,0.00973651418201957
8ac92592abdd897d4961aa96cad060b3,27c23972eff8f08400fbc81a7b87ec0f,GCST90475331,0.9225248040547677
8ac93ffe6f3520cdc0fe58c18d7d0f32,b64c37f50bd8de9fbcb791de903d5b10,GCST90002405,0.9579952266840067
8ace399c79cb753155efea6d675615a0,8a97b4a5b603eae43544e46ce4fac5a5,GCST90319906,0.986572295249125
8ad09a220819c178af52de49e9056888,591119957ffc859b8b97495965c9485e,GCST90278644,0.9539283396811237
8ad0e2681930d3222d35a2d13afab043,85eda97239e879c5aba526bdc6a6d706,GCST90302039,1.0
8ad26263c6fbd2e6166629ae754234c0,256abd36a57e1644938fae2ecdc983b6,GCST90269690,0.9823429424666352
8ad2be0fc63774a3cafaf84f8c2fdd36,876839448a64c99cc7aa0e122e2c0480,GCST90479673,0.9982446502214815
8ad364994313314269c3bcfbd5c287f0,75bae2c2a9315d9fbafaa595a1c1cfc7,GCST90278653,0.7244520112882022
8ad6054bdcb5615c98f761800bc6ef32,38e7450d68d9db62ac09bc57a6995e2a,GCST90014021,0.768002726135887
8ad8adc6cc337fdae98cef40af78ab09,1f5a51dff26f9892c3ef8909faebb28b,GCST90387817,0.9783100332665156
8ad8adc6cc337fdae98cef40af78ab09,54eb0b5b663c7a52029bee887e09467f,GCST90387817,0.9979312916253869
8adab9ce20269eb698d40b7433cf9e2a,080b23789912840cc51d744054a3abfd,GCST90472777,0.050569035869652404
8adab9ce20269eb698d40b7433cf9e2a,28a17440aa60c6832ab4f7373305637d,GCST90472777,0.1068637205126775
8adfc835ed2e3e8a837ab540610f63a8,c57d632aee67f0f53c1896e9119b977f,GCST90445967,0.8868523405529628
8ae08203ce60c4f7c29f6cb96bba2132,4a0e020ad002b2d74c89be907fe0dc02,GCST90302168,0.9511378084990881
8ae18066ab224e02db0042501599f9ec,07016e0eec90d15abb16f3ef7e44aa44,GCST90301980,0.999938152437466
8ae1b6ce8f7b20a34e9919938c8960d0,172f665a42a5d64faff5f9850617494e,GCST90302068,0.9999980810513955
8ae35007c241d968d4b295ec6cb0f2a5,47ceff4cf3a8bf7a6a4b55a1640489bb,GCST90445928,0.9655517198272687
8ae6f1053e090fbd4f91b1d394e1323b,7d72f03c23d09052db674696deee46e4,GCST004622,0.9823319224099178
8ae79e9d461c8c2cc2e7ca6d4e3c0e1d,88e93d7e1618b737bd82570cbe69ce99,GCST90269655,0.9923898364618868
8ae7f245f0b542bde6c3163671cfc02f,6b8e1c5984f3e273ea8d5dbdf898e89e,GCST90093046,0.9903662385728701
8ae9a3fc715d7a365056bc65798cd3a8,69fdb290cc01550a344e100929e4a8fe,GCST90003912,0.9867747195994678
8aecbd30e23d604ad6f72e36054d5f34,390ae8209799a7838ecbbb17e32907e3,GCST90269622,0.9997948372423854
8af088a283060efa12f659cc3ccb7d8f,70eef9c56ca3a459a9627b741bb76681,GCST90302048,0.9910136645829314
8af294660431ddf762ce9909b229556f,d1dbc127dc3825526fcd8e45aa7c4f2d,GCST90002717,0.9928267588594013
8af4d823cc7eda45c8695999a12f7745,d34850a5857d9da83a6ab13095ce7632,GCST90301993,0.9436677436341087
8af69ee7658703aeb1169fe6c5e5d716,d490e7b03aa395c75c8fde5d7740d628,GCST90446019,0.711481771939614
8afa6b16616c96f50f72a729c218751e,75b158690382e9e156c8973de2fb58b8,GCST90479514,1.0
8afa97aec682814d0dbfcf46c37eff96,29d4112ad037f6ee4ef5ff06e5e486e7,GCST90002398,0.7740569495904189
8afb56ebb425e5eed5ab4e0ab62875f0,67854223035cbb3de829461fc2f0eab2,GCST90319608,0.994996548235817
8afbb9ac81dbe1876889d380ba681cf0,565228ed387453922006a2c9a8c8515f,GCST90092852,0.589538151013879
8afd5ad744a913710c23437850b0464b,300a0bdfd9b4c0a85a83bd4a5859af61,GCST90387524,0.34751114520632825
8afd5ad744a913710c23437850b0464b,c4423d2c0da3030c249673bad13a7776,GCST90387524,0.33196374660810324
8afd5ad744a913710c23437850b0464b,d1049fc5799df567250d4c9c916162f2,GCST90387524,0.534878398725287
8afdf0b08a48c48810fdefa1a1559d8e,39a1c95841459dd4797e69043255a1c7,GCST90269627,0.9977851654998808
8b039278b30f12ba5d3e531cd5736470,1313db155e55b0bc75ff5364d989e6e2,GCST90269550,0.9990126935542318
8b046bbb84e97f9d0bf94cb1d5b98952,78909aec71a97b3ca5ce82cb34d16836,GCST90014020,0.6511559176286515
8b09fa24aab3e9f55cc227b50037e122,4f58a9414b5f99fdacc05df1b286223e,GCST90302138,0.837426737560878
8b0b5b9f59c1b80ed52338dae5e8a3bc,835730788b939059c340b9e9eb48bc1b,GCST90239663,0.9931645093857263
8b0e2eb7dbb12d390ad7bcc9c1b66a1c,ba402869a606a478100ecf0f58fd3bdd,GCST90043616,0.9474109969225663
8b0ff3028a628b0ea1ce7dfe2ff8f84b,534a4413c0203206e924879fd9ce28e9,GCST90013991,0.9388623583270594
8b1140fe979c9c6393ae0febc1d35869,97efe74218bcfc0eb021fccc56143862,GCST90092901,0.9487387548727828
8b12ca2fdc64d4f06c79152877e35cd2,25154a862702a36d59df66f352c47c06,GCST90480650,0.930261768351352
8b13c2dc9895ce560fba03e6c5fcbb9e,0550f09ff0926b75068be5086e89e1bd,GCST90445919,1.0
8b14518d4d3f5be082c8677594351c14,51f555ce4c7f77d73165b1563f9f68d6,GCST90388285,0.9999936857296142
8b15f6578c9382317332d459c447ca8d,3ed502e121d06c5f94d584ad5da72dd2,GCST90475124,0.8686437706446899
8b15f6578c9382317332d459c447ca8d,afcda53f41f6e89b7c39c410a1d2d03d,GCST90475124,0.5023902233808407
8b1633c90a613ef75be708d431029dcc,0e15ac9db0233cdb3bf3871a158bd258,GCST90092809,1.0
8b16bb948bfa6b12194a155a0b766925,5c556910c3ffd3e681a1d6e99e4cdc27,GCST90092922,1.0
8b16bb948bfa6b12194a155a0b766925,5cbf8608704226a067198572ef16111d,GCST90092922,1.0
8b17550f6a138f5676bad125c7d80fdf,6772deccaf4f678a647e81d30d1b8e59,GCST90301983,0.979986921657677
8b184ce739d297395e963ecc1df8b40a,5b533cddfdf111f495b8dcb09c745c3a,GCST90003420,0.18818842095849814
8b184ce739d297395e963ecc1df8b40a,73f7b01cde88eddba11ce6ef0b35eb65,GCST90003420,0.23497102056593358
8b184ce739d297395e963ecc1df8b40a,a367fe9ecf9f784574a2525bac6662c9,GCST90003420,0.22872311521958502
8b1c876a3ee21515eeb585ec98005635,883fa6e93b6a5b2158f008541d22e716,GCST90092858,1.0
8b1ed79a137ee87528de72803b1af115,3f25a49e871d8500505863305dd79e3d,GCST90428446,0.20621342553509428
8b1f4efa729d0d5366a31e6c73b70ee7,80be25e2c5da91ca161a3a81362ef1f8,GCST90446061,0.9647372847640453
8b22580302ec9e7384b58feffa487bb6,51e4873217c2ec812807ba12a16969a7,GCST90013980,0.6868737042244543
8b2361a4f209cbf2f0efc4c5f4382144,03e66e7de85e4c4119d87d25eacd6373,GCST90014022,0.9589862280780224
8b2361a4f209cbf2f0efc4c5f4382144,785b4ac32f280f8756e1b9fde3011ed7,GCST90014022,0.8802277297972071
8b27e0ca908b7b700e4b419d9d5aa4d6,324e205cde3c5b76fa8e79cff1617a61,GCST90479706,0.9803887849848493
8b29c64f9ac5d9c42022d03088e17c7d,a050ad2b8fe4226f0c478c59d8ab7905,GCST90041881,0.9075997234823323
8b2c1c785cd594cf5d83fd4a367b1f8f,ad2dcce870c8bf8e50ac84f2b6dafe83,GCST90384776,0.929309913349954
8b2d078db58286de4d33e2286e3e381b,167b292c605efb7cf4c95a0e93b92cc5,GCST90004342,0.9998293120515793
8b2f3ca0f0e497ee66ef27ca745a4265,1b56faaad6f5997d250ade6144e13ef2,GCST90384498,0.9727275979261744
8b324b7ea2a8cd1375912bb23494974d,3a6b7763e074cf074fd968882b65f745,GCST90479929,0.6381458391963357
8b3494f2fc4a1e30c4f8e49ace143c8a,50f4c91ffede12b6ef47bddeba83c8bc,GCST90092953,0.997441704063928
8b37db4bc57662654d3c16b6567cc0ed,3c74182823563b36dd6e46a008eef617,GCST90319622,0.9903358387665342
8b38afc55b438a5266128ad455b55f4d,c28884fad1af6fb694b599f5d1dfabb0,GCST90445968,0.8210432554283386
8b3a3ba6489ff3faedde741b690e881d,4e776420fcd453991626231e208f40d8,GCST90018969,0.9898377192023728
8b3a57ef350276a29d3f3988b1887697,606082722c88fcfe21e057815c28b65e,GCST90446060,0.9206213063800169
8b3b73a74e61eb8ac3f4008cffecd3ed,11dbec44897ec51f55fb0237e80617d9,GCST90014020,0.7937579219328699
8b432207b4d97550bd1cdc744b70bfb9,4aa94e8e53893a4e669245673856d3ca,GCST90092866,0.8749553669663683
8b439f0591309b252a837d8ffc75d69f,26426f0e9b4f803541f78d2f07177e2b,FINNGEN_R12_C3_CANCER_EXALLC,0.9998988078369938
8b4405289b09fa043224f7bf72658c5c,13903b4823ff013c61761266fd578c2e,GCST90018962,0.871509597435468
8b44296be6a4ea6d470d2cebada8dfd4,710c7b685368dafb17cc8bf883d6615f,GCST90002386,0.8975085328784418
8b453e835ff298100259bce5530b29c2,dbd6724b872c483f8407fe93781adaf2,GCST90013992,0.36000424966642564
8b48c9eaf84fcf00780c2d64faeee903,7de63adc1a7c8669ddd3f9043c6024a1,GCST90479631,0.9281981414282855
8b4a569ae753c85259981f9d9c765986,22ce4e8333421ce768ef204f2142f818,GCST90479661,0.9988659554469274
8b4cfb9704dbf0e6f8e852933bca7ab2,6d421bd21f66c4e27788dd4289fc328c,FINNGEN_R12_C3_BASAL_CELL_CARCINOMA_EXALLC,0.9407009217095874
8b4d182d79edefecdf2ffa5cd03d4940,acc11162e12079f2cf05636c7f947dff,GCST90019506,0.9991318052014018
8b4fb8d6de8d4f9701b7bed8c17c2110,259303bb8fa76235b69d078280ee99ad,GCST90025308,0.971524246958668
8b4fb8d6de8d4f9701b7bed8c17c2110,25e9d4e2f9e3f81c2586abf568b2afae,GCST90025308,0.9188429486558177
8b5104eb6896441fc916feb0397a055b,50d0c6140a1a5e39785e28bb407d2fa0,GCST90239664,0.9846093900679749
8b543d27e890c1d938e39328653cae50,4ce45bd847bece2d053804aa22f61b2e,GCST90013870,0.7042655881395031
8b5449e8e870c4f509101d374fd4bcf4,7c1446ad925fd1a3e61f52de070f4f69,GCST90319651,0.9963296512954578
8b55267b18900e2c07597ea5fb7d37fb,d60cbdf64f1da7cc41c09fe18605ed16,GCST90475150,0.7863767418149306
8b55dd2349aa176240963dfae096f2c2,4239475bfe98bf0437c04aa677d9c4db,GCST90269660,1.0
8b5addd7edb3883ee57800834fe6311f,915febc223ec20eff791b3079475e0ff,GCST90014004,0.9954723581691414
8b5c899c9a52af84381b073ad361abbb,013ea4483ec198f53d1295a99df6ea90,GCST90004173,0.1684677103938016
8b5c899c9a52af84381b073ad361abbb,684cb8fc0015314cb5068db6df379cb8,GCST90004173,0.2835753400711194
8b5c899c9a52af84381b073ad361abbb,776ef92ebd84705d1ade829b29d044d7,GCST90004173,0.25776070989114047
8b5c899c9a52af84381b073ad361abbb,a962c5d2d36a89cf05872885b8f2401a,GCST90004173,0.031885209062061576
8b5c899c9a52af84381b073ad361abbb,b9894b808534a1f15b3c2cbd3b39ec36,GCST90004173,0.2089683335065331
8b5d6d1b16a2432db9e0d9a8138975de,24dad73271d78a47ff4aceb0cc989a75,GCST90094778,0.9784706423471967
8b5e03dfe357a2cc35decb4fb76882e0,7f28008472d938756f570e47a720342a,GCST90104006,1.0
8b5e03dfe357a2cc35decb4fb76882e0,879e5601f4b61a8e20f2450327fd1683,GCST90104006,1.0
8b5f0cec587e49314b6b747fdacb90ad,728dc588c3a5cae3ac13f8ad75640faa,GCST90267928,0.4160637094979132
8b5f6148619e6960b583787f6c36db79,28fec562b51ef46234dd716c2d362a1c,GCST90475376,0.9540448175116535
8b5f6148619e6960b583787f6c36db79,2971d13b1bc514fc9d22f13d163bfb2b,GCST90475376,0.9698552628043537
8b66b5b03a169421857ad34682c34628,191281b5cdbeb7f2c9dab3d23218fc5b,GCST90269710,0.7029483140540393
8b67fed0c78327b7f798d01dd6f6a00b,68b703de297d65823f6f00420f1c9c0d,GCST90013932,1.0
8b6916a3c8538c46724e429bc273c0c5,2aae369ce77a12e6819e26c994bd6c1b,GCST90475474,0.9659355694030894
8b6ac22e6fb5c7218eab3c231dedf949,12506a9530c9b437b933e7a5f58da66c,GCST90014015,0.9922968439510502
8b6d00635bfec08f26c79ff44255cad6,00f3eefa05b7f3a98fabae988877d901,GCST90092889,0.99866750044534
8b6d079c01dff3f2068fd29acf69d1f7,5a51ff92d3ac0d04ae44eb102e953443,GCST90200127,0.9467083736333686
8b6d606cf714cbef9d1658b60bf95647,07f320de9364fdc0b1dde7dace3f4e55,GCST90435263,0.2214429969293793
8b6d606cf714cbef9d1658b60bf95647,2774872f45f07412998445e9b9a8acd7,GCST90435263,0.2333669736629219
8b6d606cf714cbef9d1658b60bf95647,9c1a6a5e7cb037bbe201b858fdf45e32,GCST90435263,0.24388725043108977
8b6d606cf714cbef9d1658b60bf95647,e1684efb7d66624499f8226bce251fee,GCST90435263,0.2413486432125635
8b6e1ff504ab03af145cbbff4fbab077,5a9e1debb4b3fa1eaacba13d920681b5,GCST90309353,0.970852618427529
8b702f00a6d664d58192db962e266088,c7175bf2833597e07b4e77bed69c035b,GCST90092831,0.9786216845593511
8b7939b3d4361569c9ddc82549791f15,5b105d54de5d9125f690b10063898d4a,GCST90445893,0.9731284262137048
8b79966ce612f6e91dd16d30e12c5ba9,108e794034460ff6fe9a87e02385590e,GCST90092879,0.9999970624415883
8b79966ce612f6e91dd16d30e12c5ba9,27ea1b8d635fb766aeab736856836cab,GCST90092879,0.9999970115470657
8b7a079a341ef9f8ffe4a67581bef092,04204dfeae238f91c9a28734f4b5907a,GCST90302129,0.9910254707311853
8b7a079a341ef9f8ffe4a67581bef092,1c8c1ed06c427a9e1b2fd17b39c3c5f0,GCST90302129,0.9997735073249855
8b7a079a341ef9f8ffe4a67581bef092,580b183eb4f029789a0eae41d8546ee5,GCST90302129,0.9850539867503307
8b7ce21f6d2b0c68814ff272804c681e,4dd848d13228ecb066c25daf09c11cfd,GCST90019507,0.9985951521944151
8b7d77e915c866983dd4c504dfe1c491,73b6c02f782f8d3b920d73298e1bcbc2,GCST90269519,0.977524343257781
8b7d77e915c866983dd4c504dfe1c491,7573fba565f8bfb9e38c0bf3389abf0d,GCST90269519,0.6716230187148424
8b81040181c4f84b5eb7f10822afb80d,0c9ec92986657661c65d0ea72a7f0d9f,GCST90269521,0.999999999466894
8b8201ef149b027630676893027ddff3,f850339de95a3086fcdbbabd1fcea43c,GCST90309345,0.848308626963273
8b8363d58a560c5ccdf52545c0b01be8,622b0a7f3a827c45a630b30ba9f58881,GCST90302046,0.9931873800215538
8b887d52ff305f512f8e1fb96e48d37c,890f339290cacbb34f6adf54330dbff1,GCST004604,0.9450477021197072
8b8b007cfa5b9d897491a2896b8adb3e,076bc79883a324dced747421230200c4,GCST90444488,0.2877589021116631
8b8c64db3744c127d385cbd693dc8132,88c9b1cd2839533169b5debf6b5ef518,GCST90200045,0.9983959147169653
8b8e74ffafe261bcbadefe8afbfd998f,21f21c4dacbd9398977e922f442e7c21,GCST90002304,0.9868038842135559
8b9022df146a5dafe4e24acfa49b3d7c,87fd61fa0f85f7368bb39d792e45f9a8,GCST90446095,0.9716247331995211
8b917a6aa408d6f674aa1e0e0402a1be,6b0277c623d3af1d07a211f416e40651,GCST90041787,0.8359189097634236
8b92cb7d69e337c282aba2e52770eeb9,52a60f73062610cb77cd4243ff69805b,GCST90092983,0.9912216117388248
8b976b8dda6c8702f9ae5f8aa8eea7da,356b63068d0cb082dd606e2ee8c422b3,GCST90270118,0.9683580465438172
8b999d1c18c6269112690e0f54a4d61d,7add38d7ead7444a0ef0b801559f8c0a,GCST90446003,1.0
8b9a07911681f35c58993a2546fd03f9,79c9f4458a63fe9038875f036ea1b394,GCST90013991,0.9933166851903015
8b9ab9c1cde2f70fdaeb4ab7caf0a0fb,5982e330db61d9e29e9d9d085dd65d2a,GCST90092977,0.844213031351935
8b9ab9c1cde2f70fdaeb4ab7caf0a0fb,663d199a6129419477cf2064ef65886d,GCST90092977,0.8555549812373434
8b9ab9c1cde2f70fdaeb4ab7caf0a0fb,ed2140d37cb33c0e594daa54c2ee64c9,GCST90092977,0.8107545685880845
8ba0093b57f4abefa7edb9ec6b814840,7e62108a9cc1419ef8a41c53f7671a40,GCST90019524,0.4479883277857017
8ba059db80ba96e65da4f60c85a590a1,1507186c603793d15269123f0df1ed2d,GCST90435755,0.4063534611148403
8ba10ff79392fec6624a85b6f1c5260b,687e9fb8d7873dd995293ae09af555d7,GCST90002374,0.99019132322723
8ba26f3e72805d43bac1c44683d31bcd,3cf22cd282f71c3d1ffba05297e27ae2,GCST90018960,0.9243527155112894
8ba3768bc2dacef1a094e4cf9cbb7b6b,abd004a6cda97751803d783004d8f143,GCST90002442,0.690911699140419
8ba3768bc2dacef1a094e4cf9cbb7b6b,c113e1b8c2c2459e991fd3914f90d0c5,GCST90002442,0.751113071831514
8ba50b2943cfcad25fba4abf3fda6215,1f7387af4e2d1b320dbdb57d1bf3ac4f,GCST90302108,1.0
8ba8fd6e3b7c1bda06cc4600318c1fd8,22c0a3a51e1084b084e983697db6c723,GCST90002383,0.9024432043163976
8ba96024a7cd8dad6ba0642e00fdab20,44fa814e53a8588e6ad201fb7454d737,GCST90269639,0.9890195481014172
8badc2829622dce61843a14132bfceda,1b900688483c4df22dd7bd632ddced02,GCST90025771,0.9980531153629246
8bae8dca85720394985ec7a00271b43c,4734414e0746822b0bdc832360ee6c4f,GCST90475165,0.9414852317330437
8baeb5eda60ad0f02e68d4a4efdad4ea,1e8a66af05bc9ed4023231f6416193e8,GCST90041798,0.2406377912714774
8baeb5eda60ad0f02e68d4a4efdad4ea,2a4e22830ac91765f38acd86b530d5a1,GCST90041798,0.2016527867255394
8baeb5eda60ad0f02e68d4a4efdad4ea,6a80649ae00094cc5c115ea5ac0032b8,GCST90041798,0.22713122760725518
8bafa795734ce4eb73b8ebc2124e4614,e36f7b2907ba8278555eb1b90b738ef8,GCST90018749,0.9129610082456459
8bb0274339fc5dbf202e1dc5cc7061d1,095a5b74d52c43ed390f1fb1f7537170,GCST90475280,0.7630070398343091
8bb0274339fc5dbf202e1dc5cc7061d1,a7951abaf77d4fd1f5f5e413b62515a0,GCST90475280,0.1997232914266069
8bb11f326baea557957f45445aac6ac6,49affbe0111d43b29926b6501861764a,GCST90319652,0.9710659795756571
8bb19ccb3ae52b03fcf89d6f4d142f9d,0514bf03cf4fe517b441a0f4ac5dd6ec,GCST90013983,0.9987020890930975
8bb19ccb3ae52b03fcf89d6f4d142f9d,1a9aed8e3600ffcaa2ca7180365a87de,GCST90013983,0.9983785358343462
8bb501bfaa7f234a5fcb9a7c7f355af9,3007fca3106c97dd3ef59f9c8adc0a40,GCST90302230,0.9388786807149625
8bb971df53aec2b46a4304a1673f06e6,36670665d9ef365121fa69100d3e0ae2,GCST90093030,0.9972232717617533
8bbcd8d366eb61b5fa18a461e6da9522,5ae63d1a3e967f3e00144ca2b83c569f,GCST90269633,0.9881871544646811
8bbdecd638519fda290a5dd18651d6d0,0f9fe3c6cf21ee163bdf080abb19057c,GCST90092803,0.9951512185806767
8bbdecd638519fda290a5dd18651d6d0,1954fe48a097e2474cbaf2eea2e0b050,GCST90092803,0.9949707314310277
8bc0691dfb73eeaf1cf8ec9342071e75,3847df5d68cb9c351a9bd2d771453e10,GCST90320664,0.9505967938441778
8bc4c51b828e155d16137fd82bc03c67,2bf334b9fc8577c3ce09081fb16dfb88,GCST90020028,0.2453266948212312
8bc4c51b828e155d16137fd82bc03c67,3c1d9f9a79071874473bf5552aa21ded,GCST90020028,0.18987268701521118
8bc4c51b828e155d16137fd82bc03c67,4d68d559777e07cadaa643e43e94a723,GCST90020028,0.19284128562199307
8bc4c51b828e155d16137fd82bc03c67,6a3123d180dd4049ec97b2cf59cf0c3c,GCST90020028,0.24159690916492305
8bc8286c2b94d3794e2de679dd9dff8a,11b4387fd87318f15a5e95f77ce3ce88,GCST90003453,0.21002234262959074
8bc8286c2b94d3794e2de679dd9dff8a,75cbebd8b9729a3cb73198f1d76dc3c4,GCST90003453,0.23166312905545758
8bc8286c2b94d3794e2de679dd9dff8a,ae49947f85ae2586435f5c73a0f3ad4a,GCST90003453,0.23239672161694
8bc8286c2b94d3794e2de679dd9dff8a,e3cbfacb66c7508b6014d37910b2730b,GCST90003453,0.22851611479288694
8bc8286c2b94d3794e2de679dd9dff8a,eab913280c117878872be6a7fc47bc80,GCST90003453,0.0295678710402664
8bc8857a84c7490ea5e72f426c021b8e,3ed53c7f3a58ca76dacef0301dd95be7,GCST90384596,0.998602137366072
8bcc1e9e06cf11a0c4f10153e909544b,3bc91b75477ce9b890a75afcdfdca2af,GCST004599,0.07082382543206321
8bce035076ebcc902f6bacca90a0a16b,23ded3fbcb4f8ee7807cb14dfb37272c,GCST90199805,0.9587725220856065
8bce035076ebcc902f6bacca90a0a16b,acc7cc1016b2e1b081801a46c7b77aaa,GCST90199805,0.9557576226817789
8bceaf085b07eda0c08639f605846f1a,61a240d9c83cdb5943199b0c542ec1b6,GCST004620,0.8603252610377274
8bd087b7be94fecd04a7d57c01cd7166,b8683bdfde1156dab4dd1af0e6cf7254,GCST90013871,0.294859446911037
8bd187f1de5ba7928ad6c4d426433b7e,4597347c713b4dc105f29af70ff431db,GCST90446030,0.9524325150594465
8bd3b1effa33418e6b0c92f301cd40d1,22ad67b927b9dc65badaf0336bddddd6,FINNGEN_R12_AUTOIMMUNE,0.9939143071986838
8bd3b1effa33418e6b0c92f301cd40d1,cf572545cf5f94bf318bdd3c28721a96,FINNGEN_R12_AUTOIMMUNE,0.9930725508566273
8bd5801328d3a64f14b84694cfda5ab7,5dbda405902a0169980fea2c744ff8fe,GCST90239662,0.9643602067093955
8bd67f0a2c444d91809d277cd3f80d73,4c3b171df4b055304a55b0972aa040c4,GCST90024574,0.9717157585051717
8bdb81805fd5725eb9a60e82d60ae919,50dd9468b4b621e6d635d3f0c3025383,GCST90475505,0.7881915991916687
8bdb81805fd5725eb9a60e82d60ae919,c7df92c58a7bb514fbfc9790ef32e405,GCST90475505,0.626820657065599
8bdb89c10021b02c0d42b6e0948c6d16,5adbeb61126a40c5463550c24f3e59cd,GCST90388995,0.9897845992433053
8bdbdb8aa4dba0dce30e0793b28ede27,5c058edf68137859b6b0e700f4bd93ac,GCST90445862,1.0
8bdcf82a372d168970b926ad3690cb54,5d6b9e403cea72cfd2e95e453c0b5289,GCST90092866,0.995467114015132
8bdcf82a372d168970b926ad3690cb54,8886d4e5d0c936b7dbe3f7cf2badd659,GCST90092866,0.9866130156669999
8be12ffe438070d3532cf51d2af6629b,7db309140ed1e86316a4e5329e02a7eb,GCST90475124,0.8995202580345564
8be12ffe438070d3532cf51d2af6629b,de871d2df5f746da52fa11be4f43f740,GCST90475124,0.9031478166775524
8be1e2667e3b90d6fb88d9f0fa84c7d3,36c35b89c41409991354936130009927,GCST90014001,0.9966477805475079
8be2da1b1c924716da3badccac3b8ffb,0cfb557f231ab72d9dc361b8ab825348,GCST90302010,0.9938688755756686
8be2da1b1c924716da3badccac3b8ffb,6e94e94ca78aa24bc700a1380f39c78f,GCST90302010,0.9967967168248227
8be43fbb08f149c98a0707fa4ca6d208,0e97adb6b7ee99854b4560807bb8ecac,GCST90302115,0.9909313562664769
8be6939b29e43ce4786f91508007bdd7,224462b178f290e5c8bc9876c9c06128,GCST90388630,0.9848846951556227
8be6939b29e43ce4786f91508007bdd7,35f8c04e6147093097e9587449078ff8,GCST90388630,0.9872044342735905
8be9c85235e4b8c76fe032b576e04ee0,01b79b50e4816bf47184f5400eaed8fe,GCST006250,0.875490302988304
8bea1c1b2c730b4e3f4240bb4092864c,87eb3c325af911dac79b1dce66c4ee8f,GCST90302121,0.9961327673023902
8bea70c28e365a9c26d0d00301032139,0f2aa3772e3f86f2bcb1efc1286e6506,GCST90302133,0.861545235047947
8bec661bc7863462b16d1330efd41ec2,1b6d2016a02ea0c0410eb93740a5d6ac,GCST90388552,0.6963469331277361
8bec661bc7863462b16d1330efd41ec2,709dafb415a66b19212657a6797f7e52,GCST90388552,0.12815239684725946
8bf03422b797daa163d797d6699719ee,d209fc7b6614e0bca90a47038a40ca66,GCST90476365,0.9689731059826314
8bf1e216df3379f417bb7caedebba98c,587be79fbd17e8acd4ea27099e74c910,FINNGEN_R12_HEIGHT_IRN,0.9782628497443601
8bf42a77610259520007f9e097ceb6fa,190d76f3e62c2eb0c73674eb5a0aa97b,GCST90269505,0.9990338748566668
8bf4566a3a44504631ec2126d574f679,58083f7f0cfc83379513fb06d2f9aaaf,GCST90092846,0.9843744456127633
8bf55af0f74b49255ece5d27a0f90a27,56dde5e35d27eb2734833cb9d41959d6,GCST90003669,0.9726254035959175
8bf75850e12109697df51fa6007923a7,7b9bbf5d96c295875b480cdd675df3f1,GCST90013870,0.9974299679291141
8bfe161b65318343649253ebb64a8ca5,422f2d402cb7cf4b1408de3eec7e9ed4,GCST90018949,0.9916531699170731
8c04c015d3dc52c0a37b7948e6db08bf,3d31edcf7419e4a36f360dc0480fa148,GCST90266799,0.9999236021581998
8c0a1afd981f8e371bf034089d821a5a,69e3f1d1648950b5c1e493bc0f344711,GCST90387933,0.9917129979216672
8c0bd0f7997f32c8a3d3e7ea509da426,12d4fc54e74227654b835f371504c006,GCST90475516,1.0
8c0bf67e7df15c13b71d84e89b48a422,682b164882662d4d3acd5e3a05b79b8c,GCST90302095,0.9999999415670348
8c0cc88b5f3a59277032018dd14c1db7,898883c5ae5161e94e8506481efa456f,GCST90475232,0.8744552513888844
8c1124bc1d3b1ab64405cac9834657d5,f6bd7cdc9f0ffb18d97f50cebbab9180,FINNGEN_R12_K11_DIVERTIC,0.9474943517128103
8c12a7885812bc4da0c2160e40d21a34,860adbb10dfe062e62d66adf4a8335a5,GCST90003107,0.1370698315593326
8c12a7885812bc4da0c2160e40d21a34,9a5b92f14173838a3405989a6fe91ad5,GCST90003107,0.203338841741917
8c1531a7ea3a4ff8f2a6c0b51e597de8,6800406845d76bbb31c60e229fb304f7,GCST90387573,0.9980653147411407
8c1756516699555552276ecea02b57c4,101eb707a8a9fb5d013213dd2b9fc618,GCST90301947,0.9912161935187779
8c1c60f7f9f9b76edcbb0399705ff613,083ae8c5f51e33c9ff6922f8d1999d02,GCST90002807,0.2482889607570355
8c1c60f7f9f9b76edcbb0399705ff613,36a21fc5ae37c29ae05ba3825cd67a58,GCST90002807,0.23743138717922008
8c1c60f7f9f9b76edcbb0399705ff613,554a60526768a99b38ad3ac59fcb30ef,GCST90002807,0.26225720749910936
8c1c60f7f9f9b76edcbb0399705ff613,8ca015c25e847aae09d74876b3859a49,GCST90002807,0.14182645467977964
8c2276f59e489808bfb0e63b98f22858,3fc2bf7aaf32d8bfc278552a624ba738,GCST90446084,1.0
8c2399af1fa109009e1e6594b01194c1,4546c562002075789612c2ee0ec95572,GCST90092825,1.0
8c26a7c28a310939a224ef6324b7580c,1c33d2cd1718502f9d1d10f94d5388c2,GCST90480196,0.9980335759194439
8c27ef9efdf703d5580967dabdd4acbb,bbbf34711552bae895cc3557e4c12170,GCST90292538,0.8976975152812495
8c2946284dcfc73fe92568578e06d757,362ffb130ec35270724bac1ffc239aaa,GCST90445977,1.0
8c2957006e6094541dc6cbec2ed4beb1,3b95a9cfaae6fdea6bb1771cb53c0d61,GCST90399726,0.9771170751655174
8c29bb3ae0a867648c13de2d8fcb2567,2a12fd28527ac3cd4c4805760dfa0fe3,GCST004634,0.8722491502949549
8c29bb3ae0a867648c13de2d8fcb2567,76f156031ba1c4a3ec47e9af0b2d4607,GCST004634,0.49332715294207213
8c29bb3ae0a867648c13de2d8fcb2567,e19dee4d761af0e1c6311f049420b141,GCST004634,0.8416531648036911
8c29fe7ab585f3f71baaecd5115fd995,1664604d12d66ae803e606c805efdcba,GCST90240033,0.9477141121561536
8c29fe7ab585f3f71baaecd5115fd995,7951bbea4c3dd80ec746eb93f831b817,GCST90240033,0.957130405238062
8c2a5b873003aa30ebb76bb5f6c94740,6d33fe17abea5fd2730569f1427f0eab,GCST90479711,0.737853733282404
8c2b100d4802880c26e6a78e9437aa69,c4364c5ec1fffe61fbc5b7773b59bad2,GCST90319651,0.8837586118891835
8c2b3ba784dfc13aa82ee1f1dc57e703,0b221ec9d4044ec832dc6a838cdb1685,GCST90092873,0.9887950967261698
8c2b3ba784dfc13aa82ee1f1dc57e703,1388936971b19242a9a8294276378ee5,GCST90092873,0.9321035865841646
8c326c7bcad8d96ed02e7c8c0dc91a55,59cb659a75fbe8e9705f8e172ce97ecd,GCST90002398,0.9494638197331254
8c329ec440d1c75f35f85fd827d5af1c,11b77649648e32169e829d41ed5e83d6,GCST90257357,0.9956120327724293
8c3505bfbceab5201c20c145e923df6f,cc696090a3d580d238e871edcfd656c2,GCST90002412,0.9564716464664866
8c365eb6f8d0eea72ba7e87a9947df66,23e1fdf4ff968e6026d4e1a1339984be,GCST90004367,0.9988109524541674
8c3672c9822525cc91ec0e3b164ec7ec,6899eb3baa57c08dad045a2490e93fdf,GCST90093002,1.0
8c3672c9822525cc91ec0e3b164ec7ec,83bba76abe582f8fdf9f8654737bce64,GCST90093002,1.0
8c3c3bbe35859ed9f491e40a6fbef3b3,b6c321c5103afe723872e8408e691a69,GCST90436177,0.9751751176040213
8c45fdf455ae206e4e8f208e58b8cfe7,41415059b3faeac4940bffc169ff8941,GCST90269534,0.9725217554172936
8c46232d80d03e6497c02b81bc1eda4b,933bd3e1223ef989b2b28f9f91d5a824,GCST90445867,0.8177460914742609
8c47748d2273e693da465dc4a81799e4,8abf23425d48a52baa6f20189b5feaf5,GCST90092973,0.9954964170515824
8c483be021466138e08fbb3d82b904cf,6d904aa4a6367b17756913acb2c4ecdc,GCST90092969,0.8637922573668143
8c4f8420972cc51b5774e87516312190,08f5060180ac532397a28428268c5e82,GCST90002383,1.0
8c527c164966d1e2ad37adb82d54e22d,3bf58674c1e9a19df8db0091d8305416,GCST90269647,0.9999944583986532
8c52d64e8afd6d3f20b64d4896af73a4,5ce2deab0bc0d89290d97d2a172ad4be,GCST90446057,1.0
8c563ea1dbbad9c6e57c4c345bcd51af,3c2cec24656d36bd0a195ec055432ce5,GCST90475294,0.9265559526812208
8c58741bd3132961b78f21d7f084526e,230abc3815b550ba499fc554780ade2f,GCST90309353,0.9784970203644411
8c5bac6b8cb01943f00627355990e8a4,53b5bf9609cb049c3b2019a1206e0dbc,GCST90302016,1.0
8c5c1806b4f2baeb2ab3a553156eeb3f,05af39c3dd140443a785fee074553b22,GCST90092853,0.9999999999237161
8c5c78d408be4baddf31285aa83c00d3,4b3b48e49ac101184b352879b541b2b5,GCST90018729,0.9989858976962874
8c5dacf94b65d57d85a39a73ad71128c,36bc519359da4fbe21eec79f541b1241,GCST90479531,0.9960263080586474
8c5f6527101f1575fe0dc65fb510ab90,2697c765bdc4e4cddbd7177590803ebd,GCST90019493,0.8934986597291951
8c60eabd43bd0912c9313ab382c88399,6aa5c5d7842c084b1ea924c69de666c5,GCST90480673,0.9814099769097304
8c63f2ced1864f0168a20582e2c21ec9,fbfdc165259bb04a26c5eff48b23a497,GCST90479475,0.8664306135962889
8c64d55d99155fa9dcf3a67d6e331c3d,61c9b71a5fc23eb481c2594630a4b2de,GCST90044149,0.5985867926852118
8c66d844aee0de3d22ac8785c6b7567c,00d6c506f6798161d05eef8e7075b82e,FINNGEN_R12_BMI_IRN,0.5926562205637271
8c670953f747c68a64fb42e98ea19c74,32ea2181cab40cc5a03eae175ce08cba,GCST90041827,0.17151555230831173
8c6a58484b3ced37e6f57932e9694b66,04b9013889bfc7efe6f9b1edb16a5ac7,GCST90302118,0.992106847445835
8c6c1ab559b2bb3160b49193b9836794,6d8067fc29ac8739b466377f48415fec,GCST90002622,0.9429311347856738
8c6c44090be6e836c197d2dd683b1af6,b132b26f1aae2746c287e98dfac766cf,GCST90013966,0.9499320958661258
8c6c54afe759ef2957095b43ba0d8680,7d7f8013f99afcae9084388017a0b929,GCST90445985,0.9770622909533284
8c6cdb64107d8d284eb7b298d9c6b84d,e92f7a2e7fa87126255dd1900c5a4abc,GCST90446111,0.9770723858672095
8c6e80b74767ebb5161f5d7608c80ffd,c146ed9874eb56b38c1c992d96dfe8b3,GCST90092844,0.6923071274797971
8c6ea7a36a47913370e366bb1161d7ae,210e90c927ff71377fea789439ff1968,GCST90013886,0.9947699405419343
8c704275984378a644372e238c0212f1,3a7b195b75806ff1241c43df040eeb4e,GCST90274382,0.9999973399310805
8c7070fd020d15ae320bf53b735a0691,2faf9825de757b3f22ae528488436383,GCST90093021,0.9869356680860594
8c70c5c87f73ac9dd76ba9b4777ee07d,7e5a3b95eda76dcf31aa4530c26d7117,GCST90387515,0.9977146629468074
8c70e1aa81682abde8c39faec3539ab6,6f0cca84b326aa17b6b1c8c64b8e5a5e,GCST90302005,0.9999998947239475
8c711dcab0d9164eec081081f448fdb8,81c7832997535bfa19a179390ce9c50e,GCST90479672,0.41272189426323885
8c72f829612a6e8c3516552256845ecf,8bd343c1ee7ddfef1d95dd45b98d6a4c,GCST90092933,1.0
8c73b0b8578d74e9a89e692df61a622d,00456e5e24065fc6d8e0b75a184b947c,GCST90019510,0.7913141432320778
8c73b0b8578d74e9a89e692df61a622d,7f83d14d8bc509e93f88126207e874b4,GCST90019510,0.9978795103495851
8c7566fb8267dde17baeae8288d9a4b9,1bf2f91469a39af33a8a30e4d640627d,GCST90026062,0.9999999244598243
8c78a099e3cb1ccda20e67dae860542c,7417af5fa926d0852251258f7af6769a,GCST90301995,0.9915064953484842
8c7a47f440db9b681dc3f5a6b056d7bc,482a866c6344b843b6f71862c52c3180,GCST90092928,1.0
8c7b34a7cd24aebf200f406b8309ecda,3c31a0be2c5e05221ac1cc109cf68e31,GCST90018769,0.9999999916357183
8c7b34a7cd24aebf200f406b8309ecda,5d26a6c3198af1d12004f86f90bbb6c9,GCST90018769,0.9999653980951128
8c7b34a7cd24aebf200f406b8309ecda,89764bfa03fc9d43da4921933b16f553,GCST90018769,0.999869022886852
8c7fd9aeeae48d97e3fa3e92779c0f6a,323c9d03a10fe96ececc798d9819c724,GCST90092997,0.9946319153865144
8c8096f1fdaa4b0ae9ae51d4a0f2352b,431d7be99eafd4b168b2e5bb8725900b,GCST90002403,0.10686455551842894
8c8096f1fdaa4b0ae9ae51d4a0f2352b,d7928ab204b526ecdc0aab857402c641,GCST90002403,0.7721367033024124
8c85814aa1c82a9368802918287f76b1,7bba85e05b76e498a066d870ff51d3be,GCST90445946,0.8183925880079792
8c870c9eecb602280e1836f7f29caddc,2d4512ac27f9afeba2217aacd0a84e6b,GCST90302107,0.8103633246927012
8c8a8e467e136662f10401fe0fe325c2,6c7944f4be7c079f2136d06ee512d4d5,GCST90267268,0.663054844263379
8c8b06acfa76866acdeb53902d6fa642,86c7c1938246a3b5dcf1a6c20b166386,GCST90018644,0.9999999999112674
8c8bd6812e980062c0ff2f13df919542,caf3a4cc7297bb56d4f3c0a179bf5795,GCST90132224,0.9503936370812762
8c8c9859c07e52ee41340d11f186d3cc,2ee1bc83f370f913c3fbb8e74e0aed5f,GCST90094863,0.9969584117515206
8c8c9859c07e52ee41340d11f186d3cc,8051a3aa7b85d828f1cb7f48dcb3259b,GCST90094863,0.9964127776190358
8c8e2ddd0634a8e468f65b5dfa98dd17,fde43872973b027620287a703e868560,GCST90002298,0.9908752594992103
8c8e7541b0b340b6fb59f7c0b95fcea6,81d9fcb506351915d9c742701bd57d53,GCST90092911,0.9959370819218468
8c93c2d73a850edda9089f09655296cc,19e35f276cd9a26546eec89bd1dd4635,GCST90480662,0.9012514933404362
8c9691793e97d7790fd74a3b18dd768c,66fb994175832171dd5cd673abff721d,GCST90269661,0.9923344103893985
8c96a4434001063e93cdeaf98b946f50,0188a30198d1760fc09e58fe4c4bdf9a,GCST90388066,0.3768406025839016
8c97bd303b83a07a8b89daaf618bb7a3,83de588c4167b075efcff1fa8735c457,GCST90446020,1.0
8c9a81f048f478db8343a5fe0b53adb9,84b8f25797a048344e8cbb3c004255ec,GCST90003024,0.9608525602272894
8c9acef53d59ccdd219942f030d6cd59,8ea8474c9cca3fed22e9f39172cb555f,GCST90013978,0.7035404761522781
8c9bb5ba4f2fa47e0d3f6d4dd81420cb,acb74ecca515a1d7576fefe5e403a6c2,GCST90092892,0.8637340987078559
8c9f061da0df7f653f6c6ac9f5fd18ff,542dc765b39b88c656fc8938e87edf88,GCST90388481,0.9971069795286008
8ca0a8553df1a8b824ffdf3ab3b843ff,a8b9ce0203f86ef1caeb991c28c22029,FINNGEN_R12_HEIGHT_IRN,0.9017278062451912
8ca0c412d1f3d526ad604805d9e957ad,12cde880fb8e1a019221ceb54046ef51,GCST90269702,0.8457706970639155
8ca1b818425acc739f2b6e54c7ca5cc3,5fdee6422a1564766472ba76e6e2ec0d,GCST90448631,0.9998647986731461
8ca29b7f7ba8d2ca02da03b2922aaa9e,6e959da17e78cdcd6a4789e893d6be57,GCST90475372,0.9981885700634018
8ca3574262027afe085b82d8761ee8e3,5e30a56cbf6752c4993a2e89305e6a1b,GCST004612,0.9903637790132725
8ca4ce9043bbe60aac73a58804ac9a78,3791aa04cb8ceb22b7d2ab9adddd87f8,GCST90446077,1.0
8ca5508da255126aa7d2668259317596,15785123719363614a64c940b08a5b06,GCST90013981,0.9728520245927942
8ca5508da255126aa7d2668259317596,8d4d2e0eca3097da8df692848753c16f,GCST90013981,0.9966862760139545
8ca6c32652c73f69ecf10b069560c2fe,35b4c0d5a83e479f5cb7acb5708ab8b5,GCST90042725,0.9233834207546666
8ca978f6d15f19554837d7a57c23618b,e2efcc313e8cc5c813c6a40137ceb79c,GCST90387977,0.8913645156591615
8ca9adb27a7132e6190b63d146ff1706,380fcaa9ac5dbe1225ae878ecbb95949,GCST90319644,0.9999999999413731
8cabe6d79d49101306fdbc78464a114c,3572697a2e4974ff02797b61405200b3,GCST90269631,0.9018011118209085
8cade6c0b5f4cc41ec7e8e7c7ef13e54,2940e4d9237c96e19102ad5837b1602f,GCST90002334,0.970751779428381
8cade6c0b5f4cc41ec7e8e7c7ef13e54,ecd03c5bb96f7cea94f9f29532db6cd0,GCST90002334,0.9834640027298288
8cadf7dd33e2eb9654863afcfc34fb74,cde88e8d8e7c4cbd0f15a753291d2245,GCST90479538,0.5973967135629437
8cb2b2438892cc7c51f25114c9b323e7,64e2b4b0bba3f8a22906e94f97678551,GCST90018964,0.996826600158737
8cb2f6ed3c1c8334ec4c1ec3b4c4ca1c,6f7f65eabbb7875b6596ca93eb15fc37,GCST90445890,0.9815442819186085
8cb34ade2b8c8c682992ee8ba6d97b42,59d89c01ce2491999a22f2048901e01a,GCST90004174,0.30328523432981624
8cb34ade2b8c8c682992ee8ba6d97b42,74ce292306b8f433e4d623f89f3a61b5,GCST90004174,0.2488580039097692
8cb34ade2b8c8c682992ee8ba6d97b42,a5c55b0fe74fa42b4d5fe288660fd7e3,GCST90004174,0.007452775810501201
8cb34ade2b8c8c682992ee8ba6d97b42,cb3bfe1dfc7de81948f20fcc0717394f,GCST90004174,0.03528229177866365
8cb5452dd4c841482291d5e5406a5afa,4aa871205d0aaa04b10bef18f58ed21b,GCST90004388,0.9920659360302944
8cb67d7c79612feb99b33e3aa6649543,6775cdc511c2762d3fd313143d6f4c40,GCST90269601,0.9942743614777089
8cb6f8bc9e22406178f8a42dae4d9ef1,9a0c9c6c48eecdb35d0554e05bde38cf,GCST90002394,0.9458281435596996
8cbcc45e499d97aadd4273f016a419b0,5f5ae443d0ab0103b3364cb5a3ef9955,GCST90002395,0.9244205737794036
8cbecab4efe4e31f86ee5800c071b39e,650976601f8d4a8a82b2a87a87dbed8d,GCST90479542,0.7821252436599245
8cbef87bf55df36371481f43d5e10fde,8b593d68d54114168769735fc30f4dc7,GCST90388026,0.543453377857161
8cbfb76e1075840a2f11083fbba30264,82ba5704a47f8ee141072c2a357a6be2,GCST90446019,1.0
8cc10593024c4f2ba6c0be6a1f32bc07,03e52aea24ec5385dc0165bcdcbd0514,GCST90480726,0.9384840577682961
8cc1a7258a0af63f961fa7053a28c1f2,7c96d329124825cda2827139bf916882,GCST90479523,0.9962325068479467
8cc44a71888625fef31504297640b6c7,1ecf99e155b186c98a8b4933d953985a,GCST90092926,0.9930855116836731
8cc5a10d036e83cfd6bda149707b78ce,25b71413b8b577c43d6915a87dda644e,GCST90014001,0.9438269763651326
8cc997f258128ec298b8fcf7d57d353a,e69b4401d9052641665545011a88dbdf,FINNGEN_R12_WEIGHT_IRN,0.987221465161095
8cc9ddfd27a64998663478c196356fb7,1dcdb4cba92af0f47a411e22d06dcf4a,GCST90302075,0.9979677228199854
8cca88a0c4415c8c4df80bbd594a152d,1e8ac942af4353b7974556b639e4eaaf,GCST90018942,0.9957211904121357
8ccbb6ebef90c02426d957a58d7696b0,15c05fcdaef0d2c107423e04375b7297,GCST90013871,0.9959642231382955
8cd0b6ec6f1396054ec07716e70ce8aa,1568dc28176e431ff9d0334b7b1d1786,GCST90446065,0.9922117751036521
8cd184341bf7c3c1d5886b53f8cbbc84,985397db2c201a6571d63c03a9139154,GCST90475420,0.881086149117026
8cd53150a8a900e339b5abf9e73137b5,1a44f77a7bb6b4e262d38068b0bf1c98,GCST90302089,0.8093897761475971
8cd53150a8a900e339b5abf9e73137b5,556be899019ee0717df913c83dd78941,GCST90302089,0.9126164108696072
8cd9658351428022f60673f468fe0170,4642c479e975a702941ba56c7c2a7b9b,GCST90269738,0.9915625062322215
8cd9658351428022f60673f468fe0170,573f3092aef00417200a6f8f5499b7a3,GCST90269738,0.9939808745439864
8cd98f77e30548dd66c1e43bfd588533,1717b089ceedb8231d9c90b90a509e67,FINNGEN_R12_RX_STATIN,0.9883777405707743
8cda730d00c59d0c3a9a54389f0a3b99,4547c07636dbd79e418d3dcb77ba7a04,GCST90264937,0.9380035779409255
8cdf93c8719d477a58e363e7b440039a,757a6141d8ca01442c661e35f9fb4067,GCST90018806,0.9192756615531749
8ce1ef0416a761bc4b1878cd1a922dd4,75591765266d60299fa9cbcfbd4b7461,GCST90003113,0.3349324423260769
8ce25946eb3bf4d88ed68a38ee8f52c4,395d8acbd37ee18bcd1de64e07cc01e7,GCST90013943,0.7824547112797343
8ce4279c3b100e949c2eb8f69673a460,0f87dc3ac0641ea33ffb001e4b947d12,GCST90446009,1.0
8ce4f90cccc6d800a85c50ce84745c6a,00f1883d8f1760fd09ccdee2a70efcd9,FINNGEN_R12_CARDIAC_ARRHYTM,0.9896947971457665
8ce622acf86e2115647cd85954c5d405,7b38052d5af8b41ad20547232e54bc33,GCST90093001,0.9998362945694961
8cecfa868702d841a1c34c5f431b476e,2ffba62e2eddb4dd7f70c4c4e3fa75c0,GCST90025510,0.998066060290906
8cf1a336517d998086a6d75ef432566d,0d69c8d29773a2512d33a42e8e701b78,GCST90092829,0.9972231787573932
8cf30430377d60df9ccbf72835382d16,61d79fe735b73d6fb1e5bb35c6c06867,GCST90092822,0.9944053392247796
8cf46bbab5703256e3243024fda2c505,4167e0e854414337b591a60bd2463568,GCST90004368,0.2249691285244528
8cf46bbab5703256e3243024fda2c505,4c5d574b4878cfb9981b173617fc8335,GCST90004368,0.25745431809016955
8cf46bbab5703256e3243024fda2c505,707d08b9c1b8cdb491fb53b8325fcbfa,GCST90004368,0.21716561247881527
8cf512ea8c7a1b0a768c50b3e784742b,5eae627c8cd92c870f6894e572fba0c6,GCST90004354,0.25040999402438
8cf512ea8c7a1b0a768c50b3e784742b,6825d39a87f9c0e19d7e0e6d8517b85b,GCST90004354,0.05190495249585543
8cf512ea8c7a1b0a768c50b3e784742b,b5d02c8bf6be239c3fae1cc8b1839760,GCST90004354,0.075115312974285
8cf732369041ccdc9412be72471eca28,ec36949c932796f2671a3f91ddf7d958,GCST90399689,0.9522548729325673
8cf8132d5b18acf28542b0785a0c8b4e,2772d5c97a572affbcfbeed6bfd3ffcc,GCST90302131,0.9984311661964997
8cf8132d5b18acf28542b0785a0c8b4e,445f23b568533532f8683f735b720428,GCST90302131,0.9984311661965068
8d0003d0e557f82c6f06568bb3b2ab6b,f7b8668c8e3863ae393d76550c7f706a,GCST90269648,0.8537706684661154
8d0035e2712ff5d348887276ded6f4ff,2d1477568f3fd11fe9bfd9ebf8a4a8a2,GCST90445959,0.9787796042807269
8d00cb988ddf7faf7e569c2192775c94,08906828be6d80e515eb214af97797c7,GCST90479926,0.9548709227718555
8d0384a6f08fe58b0302e531f5074535,7f13f246880f1ba524353aac3e2ee7b7,GCST90446057,1.0
8d0384a6f08fe58b0302e531f5074535,e5886075c7819a324abde1093256282b,GCST90446057,1.0
8d0568fd7f246701fb51ef0740d7dea4,4c9e6f8f6462c723f29fcbbf8bdfabfb,GCST90476462,0.9996439241158447
8d0cff5ac386248190474c23611161d6,7d2f3862e94adc75ed9acbedc8da9fa1,GCST90479602,0.9856872884223401
8d12b3706b85149a5416be41d11c2800,2d1afc49b6517d8b60dd4833484c09ef,GCST90269628,1.0
8d12b3706b85149a5416be41d11c2800,b46467336cce4029123caa7049577937,GCST90269628,0.9938148959744663
8d15be75e5379a134849acec09ae923b,527cff762bf391fa5d563b3efdad0043,GCST90475124,0.9873988013057488
8d169b03aaac6043b9ca58a91fc20411,4a1d8075494712708a48395171be76fb,GCST90302130,0.9999999999987494
8d195ae11537ad51fa1060dd2f2c9f11,1d06608245496d178413467f4b67f110,GCST90301953,0.9877299641488522
8d1ac87e3db881311ca80720154d36ca,7ff372dd301f3c6d4d062d02666e9d8a,GCST90269651,0.9987454611146559
8d1ce82ab984622fb006d67e6b9c0333,88e24a8b745bd000f5957254118eac5d,GCST90269633,0.9624188441279549
8d1d134ef25a1c1652ed35299386cbed,24a332abefe13675f476867c79d73585,GCST90025692,0.7419374922147056
8d1d134ef25a1c1652ed35299386cbed,95a341af927707dabcb323d5650f0c0a,GCST90025692,0.7297244594444604
8d20a296e17bd1e709c6400bfb177740,43ae8e30c5722d00794d46f3618b0046,GCST90445875,0.9658175320373976
8d20a296e17bd1e709c6400bfb177740,61262188de6fc06c41ebdd024f1e6acb,GCST90445875,0.9236358681015346
8d254a6701bfd5858439c298a1c2116b,b73d99578499277f45dcb3882058c5f4,GCST90475376,0.9851081725988938
8d284cc4a6561a85cfcb41116cfca2a7,293a32da42d281bae7e129e9d6d7d812,GCST90002820,0.9925741093952255
8d28c43829385da37bdab77aa3b13ce5,021094ee77f590943e679d52340a3ffa,GCST90475412,0.9728416667367584
8d2fc06e7e1f516c6d6e81d265e1171c,087c2ee83b44b5f660964d9cb6137053,GCST90013981,0.9986392762762686
8d37a989797a173cf1781215dc0766f3,84d12010725ea4df9877b924aea6f07e,FINNGEN_R12_M13_SPONDYLOSIS,0.5649957329204388
8d394f97ee7e6a67994b442cc19e2edb,50cf7b327d4cfd889a1c6afc5f951881,GCST90269503,0.8568478369813164
8d3c850cf169ad4c194bf3b2383468df,86f3c7e5bc8e62d8810d1a5bf8170372,GCST90002310,0.9545255225662618
8d3c850cf169ad4c194bf3b2383468df,fc6b15dc31000063c38ea5abe8bfb6bf,GCST90002310,0.7808152943104173
8d3d058bd8a6bb72ce9a8e15b6910bad,4fc35132cf0a95eaca4c57ed92abd716,GCST90475727,0.9759624510376648
8d40030bbbc77172c6e7d8a21ea19ae3,9115e423908be64422c045a925476dec,GCST90475232,0.045921291111194945
8d41360675c8f4d7130e802cd241be38,af091ceb0ef89984200a69cd46a2eb1f,GCST90271559,0.9919225620349624
8d41fae24951ff23ae17230562e1c3f9,2bfe3fa6503d496b30f656030244a239,FINNGEN_R12_I9_SAHANEUR,0.848919541204159
8d42ca1da5cb051f86ce17888ceb8529,2a7bea8e79afc0453b7fe69f9356e14b,GCST90092905,0.9986913006764859
8d430506b132183b1f6800c97639a4c8,2bc23afbb1524a611479898d6b194be1,GCST90269677,0.9999759953209721
8d4a7dbd89802720c2d8e11f60aa3d77,0306d25492b2a6a887d1325e97ecf71a,GCST90445966,1.0
8d4c6a5c7a96dedea16b22678807e934,c7f721cc44791a9070a1f77e8c2d3233,GCST90445991,0.9996985490832345
8d4e0893b68a22f8bd40c8c746ccaf09,35f7a255048e3ca3018227d9e84b59d4,GCST90092847,0.9961316865755417
8d4e0893b68a22f8bd40c8c746ccaf09,7016e43e92d6282f11b695cb87f483f5,GCST90092847,1.0
8d4ed6f84db585df326d840bd0dfc437,15e3748e05799462af81280c0cf2d0c5,GCST90275189,0.9986004037106941
8d4ed6f84db585df326d840bd0dfc437,a78bf33c8e09da1de4a19d7551534c3e,GCST90275189,0.9989705021609904
8d4ef29f48af9b4ffb8b0506e8f3606d,d9bad1b3d2e9abe9190c4762452336f3,GCST90302081,0.7448879045567645
8d4fccc7cfe1dc1ddc8fc4236390e5dc,23d319ae8f9d73dea0fc913acb23986d,GCST90445964,0.9283012968099413
8d5246656178f3c9034999df55121433,79e14b18b08d42fc0bc8643c9fe2215c,GCST90479631,0.8909324411648336
8d55217a7aa433ca61c066f3c746b376,68d89f6d1d480d40451a78ce049d20f7,GCST90446054,1.0
8d57443e89cf85a8802f5110df8697f6,aeba488d0afae158afa3b1fa95db0ce9,GCST90428448,0.4868348469493337
8d5a0bb00f203b538508bb4bffb6e419,6d8dd343400e7954523f3bd5f9fa2a8e,GCST90093016,0.976701615327012
8d5d5a0f7ee67dbe5b6518ae1971dff2,17fba699477c193cc5a2d39fb5f64736,GCST90239661,0.9883926450810666
8d5e293a0dfcf1cf5854390a9e8ad048,841b7119de7b192f6aa84088f2ec2c1e,GCST90388055,0.729099281322045
8d60510d82c453aa7cd10f810211dde7,007b42e383394d5609d37edc117448ef,GCST90093022,0.9882946347327219
8d60b82e25c63ea373b777b0c9b3bc99,5a63c63d401803b874efc1ebead6dc9f,GCST90133048,0.9923490588521917
8d60f3a56e044ec48ba9c460d2c26dac,745ee0176855a70802d0d67e26b6869b,GCST90014012,0.9950666497136187
8d64ed68c7c98ed329043e8f2c6f9deb,1c9e7be5a17e854b6fa90d02c44e6cea,GCST90005943,0.9851806409728023
8d6513f0461d64845aa7905efcfc14d1,4848ce0a1bd28512c53a763f72db40d8,GCST90092965,0.9735918976299717
8d6513f0461d64845aa7905efcfc14d1,529d4b470680cc03602ca8d27b98b1d7,GCST90092965,0.9804130881857209
8d6513f0461d64845aa7905efcfc14d1,5799a4debf764cfcf587ab1015f53e69,GCST90092965,0.9688455170811546
8d6513f0461d64845aa7905efcfc14d1,6a8274d0cd6efd0de20e48b97cbe0608,GCST90092965,0.9516964494087519
8d6513f0461d64845aa7905efcfc14d1,a46a19956b6e2aa871c0a38f95c3d86f,GCST90092965,0.9770109284553827
8d6a189fc61491bc22875d3f3d8bf8dc,0fc65064e6753234433dc875b805729f,GCST90399695,0.999935011636235
8d6a54c2fb888054214a2a34f07ecb7a,04b03d3732fb073b27639ca1bd370a15,GCST90269643,0.9964577604472556
8d6a54c2fb888054214a2a34f07ecb7a,624f19b8b372a4a57c3b43ba71f906a7,GCST90269643,0.9964577604472556
8d6a83ee9a4a85c60aeda01dab5d0c97,c47d40ed72cf7c0f4fd8bd58ba110015,GCST90014007,0.9587498597584988
8d6a86e4dfa670f99a465376cd405555,0aaaf65d952a68c10585299006d7af20,GCST90302140,0.8991481433600514
8d6b90daacabc1bc662a83f064131627,11e4180baea92f2b703d2acc9354508f,GCST90278674,0.9905024672682345
8d6ffe4aa72aba2fedb5ecb8ddc66ee7,2af6e77cc9c959e31bf103ffb120a7c2,GCST90278670,0.5606150706693468
8d71ce12191ded351c5f00d2fe99e41a,04ea472b64e662d193b2bd4f614fa4d7,GCST90446084,0.9999999999554348
8d73492ca6b636cea4392bd107b7d12d,6773f323b4d5639cd4616b238380db10,GCST90445934,0.9892766493139172
8d740f2de06818f27f330a93abdec9a2,40cc4dee2ab420d8975bd1f6d9d3d8b9,GCST90479632,0.9380219268882821
8d7413957602ddb2edebe11b1049421f,9a5b92f14173838a3405989a6fe91ad5,GCST90309352,0.21093090116315447
8d74e6a151d2af7b2381d3384a67d453,a32846315c73e8da55bb9e93efa967bc,GCST90014007,0.8193908162664919
8d759146b4c6f35a727fa286748bbdda,defee6a630b97fb83fdcb9949e6c1e57,GCST90013998,0.8712003854453368
8d7813232c65861f2a292b1cef4f81b0,4a9b03ea6c4590f1cce4cd434975a8f7,GCST90092963,0.8558266412708249
8d7813232c65861f2a292b1cef4f81b0,68da4e40c9c2e46756761d9924e647c6,GCST90092963,0.8290343435972591
8d796bb09291507374af10c522677e95,69eb484d59cc09d445a1e737c9b58d5c,GCST90265278,0.6036337238082976
8d7b124f7ec1d7c8f058eebc748bf51b,6f50a6f570e9192729a5a80555b1a96e,GCST90475514,0.9945406267469897
8d7bab0bcb57c18008e77eaa87a822b6,64b9b26f1b663e23147d93bd9443aa9c,GCST90092987,0.999851492056925
8d7caa1c49e8be3e1b7c60b186193823,169790e685af697ec2f94e0b2d163a4f,GCST90092948,0.9333685167376606
8d7e4f09ddb2d85f0f20effdcca583ef,1c96339d6da404dc9ee42dadddac4e67,GCST90093021,0.9986264701232296
8d7f9f22628e9266cc816bfe87d27c2d,8b1633c90a613ef75be708d431029dcc,GCST90446028,1.0
8d82e63031b026249a7107ae8cc996e2,0d910346bb4f652994da3a2226883ed0,GCST90476304,0.9940873385135668
8d82e63031b026249a7107ae8cc996e2,6f16db6aaaf0df55cc9c47ada66562ad,GCST90476304,0.9945695057491161
8d857ca45af7ee20b8a80dc71291b2de,355d1741be56267cbe3ae1a6bec52905,GCST90446087,0.9990702395172734
8d85efbd203d40b76ac665ca6f62b70b,22ce4362bfbcf2e65ef59d6063a211f8,FINNGEN_R12_AUTOIMMUNE_NONTHYROID,0.9875561143126804
8d863a1a5274b2920dd56c92d0d92a48,29460fcb90a09d4bfb665aea2ff567c9,GCST90018956,0.9790670018177652
8d87bbb493af817f45240ffa99655567,634afa9e737ca3266ae6f7ee6a995e92,GCST90013992,0.7400709848848483
8d8beb04ef64287958fb26d9ae5b0d62,444dc685cbb8f59b98517670126f03a1,GCST90475504,1.0
8d8bf0d3ce7394e8f8a87811300eea89,65ed24fff1da3e135c199253ee4c7762,GCST90475136,0.9129741061555855
8d9a2b1d8b36e97eb05e9f507d715a6f,5b82300a0652e92f291fa316dc94a131,GCST90092959,0.9999999999999929
8d9aacbd60c9d2dc9bc17309ba09ab2f,fca3c42294d4cc14002fca5f01407211,GCST90013990,0.9959514936123325
8d9cc27d8ce3a60cbf30897db4a6517a,e0af15a389f32bcdd5949b23f9f9ebd3,GCST004632,0.9229268152167763
8d9d34e251648a101058922880a1a03f,41a406f33d9e3b4f8004259aa2a874da,GCST005194,0.9888173601281663
8d9d709862b6ea005432440dfa0ae05d,1decd57badb95f550228067fd608fc95,GCST90016665,0.16527481279199516
8da3e8c9e3b62c94423a7e78794c9aa5,38cfada6f7388486faf59238573c13f4,GCST90269600,0.9999943824144044
8da471f5a54866246858cd4d0b9b96cb,467119e58e745a6803cc809e9714006b,GCST90025608,0.9992191295335364
8da808c78776846238e3199b70b7acc7,488118cb764879a1f3043539e46292cc,GCST90239668,0.9443905849010986
8da8842e30ea4a73dceb5d91319cb847,1c35a9b959d593ced25f62908afafac8,GCST90044293,0.6238643021766709
8da984c9988cd6b25ff698f24de8a6fe,c4fd988f0dfeeba6501adce67cc8a947,GCST90269506,0.041409150737478514
8da9dcaa03469ca1f19d46afa230c276,3f6b1888b6bee74a21e72666ae3f926f,GCST90018962,0.9584669092722743
8daa4e67ece510c24b81ebb5f22d7f86,0d968013178d7e29c3d87b900e183321,GCST90302016,0.9737410863213192
8daaeaafda3d86467bd2db55215b2c26,836bca1e778101e4db3251edb8144082,GCST90002351,0.9982699389338296
8dab4282ba8561738f8acd584e13d6fd,51c53e46574c7ca693069e34f4af2d4d,GCST90002393,0.8893317187172483
8dac37a53100517d54bdb9aaace10b86,0bce999021fab1b011d1a5b9df56be8e,GCST90014009,0.9575104317651343
8dac9292b2ace30191d7880ee19a986b,59966c30ece8d996d0cad21af3094beb,GCST90302124,0.9961177637161495
8dae86ef5ff8e37b71ae1b6fe93bbd2e,33a422bfd2a565c15e07076d2dac1d69,GCST90445969,1.0
8db270cb3eccafcb1245c953da0d993b,2b7ad47482fc1ca0cd5840fb05904fc7,GCST90244658,0.8880221658284398
8db3ebb841559b947af61c16983c3243,9bb87f07dc3e829ad56732fdafce1677,GCST90092972,0.9932171965986264
8db5ab4db8a332a19213dd49119f088c,e01a41088d64e042d308eac9aec285ed,GCST90278624,0.8590291320651054
8db7e431daa4014eef4ba3e605d92c78,990a8de01a894d63b2a8a7861c7e838d,GCST90092966,0.9994361027753644
8db8138986c5036a458672fdd588a48b,304300c846d06657dc0dbcb487c1a091,GCST90002363,0.9920829576000362
8dcd0d2f86b0154df3c7da5b6d55b486,6d46e5f46c186c99276887a5fd63d982,GCST90387909,0.9966676172552996
8dcdceae14568b016c60d8bbe13d3fa4,2693f010f8e6d0f3f89d73ef4e60d4f1,GCST90302110,0.9832391883242673
8dcdceae14568b016c60d8bbe13d3fa4,66ad76391b41f8ed247530f464b80289,GCST90302110,0.9966446713955776
8dd02b3ee865af9c16e7146035c28059,8a9910dd5c43f1c0f52e51509f1014e2,GCST90479639,0.9985403365301336
8dd094e9ec0a919f6cc9dfc7e4efd182,72f366cad5f1147ec422188e0538491f,GCST90445892,1.0
8dd21adffcf6edf6f9c94b0cd81a0588,3dc3ad7f9522f81abf455404cc032dac,GCST90269547,0.9836179911982503
8dd37e821be2f82e10fdad518076d03e,16c81c227319a5b536e320d9f8893c1f,GCST90013981,0.7958346628418463
8dd5ff885d1153e63eb003c0a7a1cecd,46aed25b859d5d8df2e5c884fe1d2204,GCST90389117,0.9979099852726315
8dd820b0c3d4acc67d50890df83fb5ab,67c79b3e8bc2ff80a2d824f14af7bf2e,GCST90012701,0.9373096456636694
8dd8463590657ca14452d84011e51f0d,73c19443cab538545fb14835262bc4ca,GCST90018966,0.8322594957158537
8dd99c88c27202c37af40063525478c9,f43d021cbb63227c7046366328bd7f1f,GCST90018974,0.9588847994766053
8de433b14d95c8c2aa458672981891a4,7f5bf72e93a9286792f7cea66da45f49,GCST90093034,0.9998994229309385
8de44a47b9fbf6d502f967dd5dff0b82,12146d76cf9c6369e1e11c92daf93191,GCST90092961,1.0
8de44a47b9fbf6d502f967dd5dff0b82,8486e27dc47a2cb7b8a31623bdfcb134,GCST90092961,0.9995843138541138
8dea0a63251753665746f694316b99fc,6d13dbbdc2f0c973825aac5c9691e378,GCST90479712,0.978857257648383
8deceb2660274b4a10f92ae6d55eecab,28340180081a16628dcac638c4c023e9,GCST90446140,1.0
8defe9ce5864e8f7a0af1fdb97ef5a6f,797bf12a78afa150fe68dac900bb5d9b,GCST90269625,0.9991511870164348
8df03c2fcb750e17d0eebf0b789e5d79,732ace4a9e5f88dad41ecc2c7a6c63f8,GCST90319631,1.0
8df0602f2e280a007c51dbfd6e0ef406,4e268591da50b439f3e83fe3ca34c3b4,GCST90269733,0.9876765366470819
8df0b501eff826191102aa8f59d34379,4537ca311266c308941d8a671e69e469,GCST90446090,0.8631343326341206
8df25a1785d057013569f214ee5ceaf3,62f8b6f74bef7b571de0ca0f975a9eaa,GCST90428446,0.9918962237985207
8df5f3374a365bdc075e0cd2a2d053fb,48f8ae7d567d3cdc4638e361fb144d78,GCST90002862,0.3848676440804937
8df85a5fcb493ce7c790b850b1d190a0,8d4b50b77ee1c77eaca1a22841e6c12b,GCST90479606,0.8241899204074159
8dfa6b656b92f23ca51031e652706e84,84506d10f3c443cf5134f71290cf3aae,GCST90104003,0.9507325243049459
8dfac416db08e9ddf8e6aa8ca02a522f,070b0269abd761af9cda969782694393,GCST90446070,0.9852744643011178
8dfac416db08e9ddf8e6aa8ca02a522f,11989dd332dda98a7fa80672172a8acc,GCST90446070,1.0
8dfad88a8a3482fb282e35c26b5a5e07,093077a60cac13c5f7a3af28c6a3d567,GCST90446064,1.0
8e03b31ba69a5b8005c304782377915d,4f1e8e6d77f769c5981437849fcd829d,GCST90243754,0.9666208710806627
8e03ef94da2dfb4de4c6a4ee23886df0,0869e1ba2b535b8cbc55037b76e618ce,GCST90002334,0.9661728907073794
8e03ef94da2dfb4de4c6a4ee23886df0,41ff796b45eb9b309748f97db14c43e2,GCST90002334,0.9903297085631636
8e03ef94da2dfb4de4c6a4ee23886df0,5302f190005540e69d8cbf50536dbfef,GCST90002334,0.9315492370209426
8e03ef94da2dfb4de4c6a4ee23886df0,8b1140bd9d1ac6029110219a2fe28b15,GCST90002334,0.8797227318377958
8e05b889b489973b0fa7766ea0c2898a,7226678a59f86cd5c3d35f4cdaf253ab,FINNGEN_R12_M13_GOUT,0.9781766778662857
8e095cd785671e6641f9b24f459fdaf3,31ee5540659112257a695d094dce2e7d,GCST90302140,0.9993164253918261
8e09ad5a51c88dcba29d3385769dff5d,2d14e49693a5dd7b4d7a93b7093fcd07,GCST90093008,0.9981105640349323
8e0ac29b01e977a6c351023c0f51cca9,723d626e9a3d6b45fe4be4bd86ed131a,GCST90093013,1.0
8e0d08fca80819becb530024fb9c3047,a827c128886450dd327d14affea03f14,FINNGEN_R12_BMI_IRN,0.9999999985746229
8e0dbdbb380d32d419e38e2776ec977f,17abc3c9de4869f1fbe6738b6406c343,GCST90446142,1.0
8e0fc91d06a0f2339c5b1f210681d8e2,02accbebaca95fddc2471dbd4b027800,GCST90092833,0.9824815316651181
8e0fc91d06a0f2339c5b1f210681d8e2,19c252212e626a083e5cdbe5486eabcc,GCST90092833,0.9947820385256485
8e12a4d70e22dcfa46c5a441bd5f6d17,845dd702eed4ec18cb8141e0d63b4c63,GCST90025015,0.9990708257040953
8e12cffb1a716018a8fadb0da75d0df8,14fd65d9b36adcccf6a5134cde5060b4,GCST90479516,0.8799665940497325
8e13838dae91d44d2f3b131983f1eb5b,605538d8671008f1c5468200befb636a,GCST90092899,0.8671309100819017
8e13ef0ea73849b869e292f84493720c,7c850f99c8fd615f561deabce1951310,GCST90476439,0.9679428474143649
8e13f5924c7c11700ab1679e8f7828f5,5640529392f2528d34c889b87390c63e,GCST90475027,0.9956473316148043
8e14fe13a8455a31b65cc93a99751549,0a8e21b2179280103e95432a7b06ae19,GCST90479675,0.9992380848333462
8e15e66a9b9b10f9118e0a72edd7d43f,2ff19c545fde578071c1ba7a14c3d845,GCST90092826,0.9171428885042286
8e16036de6d904692bb0fb7a3ea75aeb,17126bccef8e3b39f67e5c858b9616e3,GCST90302164,1.0
8e17ff8cd8c4916bcbd1843a6f36833f,13719b231766f705c4bdbd04d6934235,GCST90025130,0.9351291394554582
8e1ac072359d68193c1fcf8d35e5c2d5,79ef3313b912b523f1ed27c0ee5c6164,GCST90239670,0.9954508146738448
8e1ac072359d68193c1fcf8d35e5c2d5,f0f10dd250e1a8a3f93b222ecab6bc57,GCST90239670,0.9954596682327492
8e1ace64aab54c3b574d70db71e932b6,09eaa3ddaa3a1dda18155e377846d238,GCST90475390,0.6796219091189398
8e1e0604cfe4ad7f5bd2a46fc2ee7fe7,419ede71b27063e04f380372035d9a55,GCST90302146,0.8069529590054976
8e1fa0602fa9f3cc54c800aefa7a8e21,47526471f2715f8509d77d8916024654,GCST90475505,0.9974899537333259
8e2159316eab0a4fb687b9b86b745ca5,0da70a1b1e82b104e312a4f895d5beeb,GCST90134286,0.9472289461703733
8e22dafac4259132daca0fb427140c34,56c823fa43762d2c9378cead37208db2,FINNGEN_R12_BMI_IRN,0.7569294019917411
8e25059ac0af3e1731bfaed491043bae,21baa9b684a5b1e92716356ea2432022,GCST90092859,0.9681589095694161
8e3052e4e3199acd075cee14d39f9e15,7c1f6b14e041ec7a4caf89ccf467d5e7,GCST90094784,0.9983405984124956
8e30826d672a4a58b231e9a80961c051,f7904f13e7c922392b3d9cc8a617769f,GCST90239664,0.09216466840432212
8e32c1bfebec4290970357c8fd52e456,ea01785947edcb3d07deb00afb410217,GCST90475348,0.89125716332942
8e349e02156f088c372b9f2a9d49e4e8,6eafcb75df0424c36e7a3f2a5ff16a94,GCST90445857,1.0
8e3744d9fb522ea3b11071003871f28b,950d38022a06b72ce12874443ad0b045,GCST90014021,0.3889250669653325
8e37c43da2d8099ddf1aa4b4869fe2d2,6492ddd1ae758b23e3eccb27bd2d23a3,GCST90269519,0.9650645316551385
8e38fa457b6a3924427e4005454aaead,7e1148bcd25d0b74ea024547a63c53dc,GCST90269697,1.0
8e3a64903f8017c2b0022f334d7936e2,054ffb8bca5348882d3de52da65a9e7e,GCST90430800,0.9999992179403139
8e3ca4f9fb69cc36fdbac91ca0da622d,0611c07ccac664a74f5370f6fef218f6,GCST90389210,0.016271892848422575
8e3ca4f9fb69cc36fdbac91ca0da622d,a1446bc6e7c33f85253bb76464a9a607,GCST90389210,0.0031578154130013393
8e3ca4f9fb69cc36fdbac91ca0da622d,ab895a4bbc39114354276596d4e0c8f7,GCST90389210,0.13745263080695094
8e3d7c49e8f74dcfb26fbe01bbb126f3,38e2a994c4b59bcbebd8d9cfce8e1c96,GCST90025493,0.686142151999628
8e3db19f7114caf707bbef812ce96f3f,1478a7d063465f7706d507ef8498f88a,GCST90480202,0.9996474678786581
8e3fe1d2ce4c63ced7d1ad58a67d5440,61bed69ce40e8d241438ef5986fe8ef4,GCST90446078,1.0
8e40bc69a2d2485ba983ac105b9b128d,0439a4b7868b4f8e3bd39caea6ec7df3,GCST90269515,0.8517659166454186
8e40bc69a2d2485ba983ac105b9b128d,bb1639aff543fa0cbe0646bfdebf06c0,GCST90269515,0.9193431726945898
8e412a6c5d1c807ce5f218ca6f8299aa,7fba462eca138a325a38ec426e588554,GCST90302010,0.7963272573416904
8e4190ae66cc5ba14f66f33920f17fe5,89578d770a885f771450f34e6df200de,GCST90269621,0.9950931610659203
8e42f22f2b469004c40ddcc33ba8a492,5a5250b3864a1b152992d2450656d2fe,GCST90479707,0.980460186775546
8e452cb94477f5612476a15eab979b6f,bb65dbac198a609e693ac24e3d82796f,GCST90019510,0.46741967891859526
8e4bb3c6a84130b1a59ab192791de448,c4a54cdaae38ac4acffaaf303d31404a,GCST90475537,0.9836560913512101
8e5415d74261681870d13afd7ea41d65,bd46fe68fac2e1908e5809a0e9dcb2a9,GCST90092970,0.9950420462105143
8e5544a9cbb37acc1c8c7b25f0dbc50c,81c019386b865fb360226845f1adef61,GCST90319638,0.9980598493140559
8e582abcb8eb7bf9f9708b5e03723e76,0bcdf75773dc7ad2813e4317888cfa13,GCST90430398,0.9937289832229198
8e58f46a455542dbd4e695d2baf5e19e,28f9344e22e8f59f633f4d56c333ec9b,GCST90199652,1.0
8e58f46a455542dbd4e695d2baf5e19e,4e4942bdcc730b8bf249a3ea72b55bfc,GCST90199652,0.9999999999516476
8e59d2b543ef43069a1846bd54dd2505,78628d94ffce6fbc2b2bb596f6402094,GCST90278670,0.9992740570675841
8e5abd07f7c0356ac9fdc03aa5847bd6,1b8e05b4b652e2b7624d6a32643e3728,GCST90475115,0.9989611881786221
8e5d41f5d21cb7d8eac9ea4b2b858357,78fad751b4e0e150b74d9cc82572e7c2,GCST90043616,0.9999634539787906
8e5d52bcfdb79730f7408d07524170a0,8c64d55d99155fa9dcf3a67d6e331c3d,GCST90436720,0.9743660528135268
8e5e593f7cf4c66354b7d53e410e62df,42903d022e9edd4a1ab61f72427a0ab7,GCST90475340,0.9970950953009212
8e5e87e73555028cd61ec50fae8dba13,1d7031913ec16ece39d09aea2d0d53b3,GCST90092850,0.9999123276850979
8e5f2e56085239f76c484700304e3a49,32e06be40b5366ab01314ce5b9464056,GCST90002406,1.0
8e60d2d63f40c38cf14f369b88fd48d0,d60901b5439a460cfddea52bd3904263,GCST90475523,0.9914994329331309
8e6194f823922d73eaa7245665930e6c,795fc11cf44c5799df78ac26d570faaa,GCST90389242,0.9981836082268357
8e662fa38a35eec99f7681b0c8401eea,1ee8c527d71bd88763e08f5c620bbc82,GCST90092945,1.0
8e67e8a25c60c12c366a2062420afd3e,52f45f48f39db53eaa71e2eb137c568a,GCST90445975,0.98606284215926
8e6a6b4ea5d11d27fc399ebfb8e1fe95,6c73062e0a1524d61048f3212e248f03,GCST90269552,0.9074975286524652
8e6a6b4ea5d11d27fc399ebfb8e1fe95,802dff11658e31d22d845fc222c83b47,GCST90269552,0.8826885981908352
8e6bacd4eda015781a8d1041679f98b3,8a6a5f6859240b30f0dcacc3f73689ed,GCST90092846,0.956691625461234
8e6bb88b82f156faa3d59525721f2861,42301e95490f89174ddd65238a99cbc4,GCST90302128,0.9629743199666354
8e6bb88b82f156faa3d59525721f2861,6853f4f90822a7e58f1d0c79118eeb0a,GCST90302128,0.9563469376275053
8e6c04839a3d167a81c7c3e78209844e,7db10d8f3872e952c0cb9351f3dc1d49,GCST90269539,0.9902785790146578
8e6c3f17f5a4d9ed7d89c906b4327840,5b6128d4daba015dc9185afca6ffb0ef,GCST90102470,0.3793196319356091
8e6e0cd520d484b7d1cf37904f1fde89,6aa712673af87baca625d2742e95ff82,GCST90479627,0.9729668694267731
8e72a7369657b062153d1fa1be01472d,b6d1b6d8d211e1cecff93213c881ed24,FINNGEN_R12_WEIGHT_IRN,0.856844516638749
8e7b2fe6f8bceddd8a16b85049a76667,4b6956c3078277d8e26e3b8538d795a0,GCST90019521,0.9949374991876658
8e7e1db4b2f21d4ecf9c6cbb433a8155,074d0c7cc1921ec86c0d3a26273bfacb,GCST90257113,0.9771342419180375
8e7e1db4b2f21d4ecf9c6cbb433a8155,28fec562b51ef46234dd716c2d362a1c,GCST90257113,0.9492843735714038
8e7e1db4b2f21d4ecf9c6cbb433a8155,73e55d8c24f7261add2f7379acf410ff,GCST90257113,0.6636865077353797
8e7e1db4b2f21d4ecf9c6cbb433a8155,80217c505e832477608c168436a0f97c,GCST90257113,0.986435340561475
8e8330fbb94369837be3a24d9aa98ce7,73af351ed0b61dcd7264b648d97b1f15,GCST90018999,0.9876818572615695
8e846b8656c7bf212015d19b0c28e9d3,35b438725aa9887c622d92052a9a179e,GCST90092948,0.9993954397699168
8e8471fbd2f1c3cf30eec623138d6769,e990d445e57bf36b1886da1c0b549da6,GCST90002351,0.9852894993288107
8e85b405e1595e76860fcf3b48c244ab,4fe79030a8f8256f2176a17fccd91aa3,GCST90308603,0.9826840434023734
8e88e18a190e5ee96977ff0db90d6269,a332b7e3cc29f00c98a1ba9ebb04afec,GCST90445941,0.9966589080162056
8e8b368bd621a2eb4c25c3a65fe288d7,0d01ca1c168a27bffc4eb1507e43a856,GCST90092976,0.9976338754087081
8e8b368bd621a2eb4c25c3a65fe288d7,86e93f8500cb29c5ff83ebc6bea5c089,GCST90092976,0.9974269889390556
8e8f6d7ad3a159d3f77c8bfc17f7b8eb,866773febe23f6543b82cf778f6d439d,GCST90269671,0.9999991855696256
8e906bd67148b8c2ec34b50679e30418,2665b438f3c288cb33513678e5ea141c,GCST90479523,0.47984677839285983
8e9299329e69a4931455fb4e3c58dc5c,084127c04738fcb4d078088aaa6818bf,GCST90025312,0.9752482778291838
8e9299329e69a4931455fb4e3c58dc5c,0e1093f056ee7d055991b114449eac5f,GCST90025312,0.9822518922810831
8e956681faf84209b42b13475364b8b1,0815eab8314202625a2c7e9952124c21,GCST90092833,0.999549685696908
8e956681faf84209b42b13475364b8b1,81f2690c7c7a29190d3d182031214d60,GCST90092833,1.0
8e95a072df8904a1a4da08574d5b4928,142c734dd45972ad1116dff068d61103,GCST90302133,0.973772849590605
8e95c6ab4ecf4e9355b007ccd9ad5bd6,1a23a634611e926bde470207f55d6828,GCST90003483,0.9976541114204067
8e98ba54bb3ffaedb9ab59f266ce60f8,6708b4192dd84c5bae6df9385e969111,GCST90308600,0.9723303200814841
8e9995829a461d235d9e1c54ba950b35,7f822660f39d2956a130062e32198130,GCST90269736,0.9998767188058357
8e9abb7ff7ad45fdb36cedae62b5c746,31758f9f093e87d112f2f3d6fdeb34b4,GCST90301975,0.9155414489215176
8e9bab7084d6260e5bfbc8f162db88aa,6a27b2475cc479bf632d7086739126fd,GCST90479830,0.9883904047636847
8e9d23e5fd5ae5b32ec52599f3d7c365,10a3b711fb6093ad31be2ca22b1b4412,GCST90302060,0.9990301089911906
8e9d23e5fd5ae5b32ec52599f3d7c365,4252964982a0f7fd7193c3cbf307cba3,GCST90302060,0.9990913978368586
8e9e0b5fc459bdb2a5544631dee2ac45,0b35e53801f11e2c58eb45ec7c44166e,GCST90239656,0.6540680914370578
8e9e7213bac478969f4b056b719fc5bb,78b967ffd34579b693b03e0e391f70c7,GCST90269624,0.9982439439887256
8ea25ecc8eda493c4915aa55e2d5e39e,4f2646c54ccb88f73f4d3773c56f3099,GCST90445920,0.9756990236310951
8ea2fe5dcf33f9e12747c6e4df695c3b,88949e8705dcbd5071c498bbad7663cb,GCST90269596,0.9988951040966931
8ea5321a33a37556cb8bf6edef0dc5ef,28b745386a26b6a6b817869e2db6920b,GCST90002397,0.9583121224951211
8ea7a6cdabf5ceea745e026f385849bd,d27f57d9e023710cb9ce8f51e460528a,GCST90475474,0.9967175817105817
8ea91d1a958d15b2b8898e1d1b06586e,55fce2754795e84cafd2b3b19d33c8df,GCST004606,0.9835910648412275
8eaa16bbc8704699173e82e4519e68fa,78868f00518ab8140efb9df5f35d090e,GCST90388548,0.9729820260614249
8eaa1f4a0ff30a1afe0137a91ae94960,2a21cf67dbb442ef9787a5923ca618b9,GCST90092825,0.9889198361111645
8eaa1f4a0ff30a1afe0137a91ae94960,3d355cdad8ebfc276f45beb311d410d3,GCST90092825,0.9962348471894782
8eabd8d6d5ee5ad6df90b5afbb8759c9,08609cda4b387ddd9905f587a857ffc9,FINNGEN_R12_E4_HYTHY_AI_STRICT,0.007292677956802096
8eae7b6dff20436dce31cb217c785a9c,29565f82e44f34fc3aee2ec44928758b,GCST90446107,1.0
8eafd7117184c45200fd6cf9847901ad,0f64a3fdfafaab7a6463cf2fd418593f,GCST90301968,0.30706789749452873
8eb3a9066d15257b7a07785d6e344990,0c45708bc5a0abee8abab82efab7566e,GCST90003848,0.03209420182764342
8eb7a377ed992c8f9ff7c5fba9c7dd17,7b50bcdbd04e30b5979bc826112c51df,GCST90013993,0.9894342259166662
8eb7c93f0281c159c7891de2d16967ff,7303a3a6d3c8925ba9045fa5ad2420ac,GCST90319646,0.9981444312999099
8eb97a48e1d3bd3176e7015edb8515fd,07e9d536bb276d683ba94dcf7ef04c01,GCST90475420,1.0
8eb9fe0fd2188b2daf7fdbd271e29cfe,59bc347ed7606c29b31749e2eff47649,GCST90301999,0.9158042967067328
8ebbae701f9a833ccc9d4bf63340e0b6,7b2c76517a698a773bb11f1e9a8ee56f,GCST90019492,0.9999958427548824
8ebbf70816c6932422b476858f95d551,2ab81a71a1ff30ec55c315ee0284f755,GCST90092904,0.857204650504368
8ebd6792c155d6c3e02a2cd4c16bef68,92de08599dbfb579393df37737d887bb,GCST90002369,0.8005428842412063
8ec10cfea4151a90644b877a3b4be3b7,23f3ccc8532e9e175fde8fc21181dd55,GCST90319904,0.9960967672326145
8ec2eaeecec5a2103d6a0950257b5395,5f3fbfd8b3565675de714ccb1d3589b1,GCST90002560,0.999265674423735
8ec494e79d77487a2fc1f237f5ed6357,2d400f893ca9c748aaac9c0f6f21a8ee,GCST004612,0.9322744574360062
8ec657086b01db6d263a88fa61d31a25,831b1f4e7d919c74daf4a5a7226714f7,GCST90480717,0.7067013730068862
8ec9a620a59a9ec1178d471310f7cf06,8c0197c8b5ad428e7afa3c482e4a32b4,GCST90013932,0.9335403900877063
8ec9fb1ae9ece0aaaf76166a208ffee7,f2976ee9130b0bbe8659fcb471b47501,GCST90480728,0.8955097469024993
8eca2da2eb4fe3fda1f1567ebbd809d1,71bb6508f31727067d9c152bcde14a49,GCST90445928,1.0
8ecc1faeb3665395854350483c988d11,6fc80ae5a8f3b50ef1e49d7131f306be,GCST90265717,0.9335362283448312
8ecc51b8b919a08c9cd32e8216771359,adcb402ed0dcd121a3039ba5442cc408,GCST90476361,0.222753059991644
8eccfdf4c21ffd921b0ca7dd1f1525d0,033a3d79fd9a394fcf5a255f9f98ba83,GCST011084,0.12543901017177148
8ecd26f7498d2f4a8d184e0b40abb2e5,13336fac94fd00d6253675f82e6181b2,GCST90092989,0.9996205728056555
8ece4f0c61ed295d1aa127c53e20de8d,86c6688281f2f1d351715ee4873fdd15,GCST90018951,0.9045538684900198
8ed0bbe5f25b6eac0de36718f3faf6f4,9f260ad843b5d7a79a693dbe40c865fe,GCST90018966,0.9960161113528228
8ed0fefd690502ab2e97975019e6b4d9,7924470cebe9630416f25bbde89837d5,GCST90239652,0.9831964891564346
8ed11bdf22a81a4b5ad516a6c36aa992,5238bdd9cd9a8dffc3d8a4940a0073a5,GCST90480668,0.8018081387245002
8ed1299c74e0f3f507b876944924c179,07446d72a8588ea26885d2768641bad6,GCST90267288,0.8839890137148693
8ed274599ea50ac2b0a1a7ece44c2506,03789e07d787a2ea8dbd64905ab918c1,GCST90475405,0.9807648175897816
8ed3c1c77722a0f2ec5eb4b73b5afdf6,06ee0f69fce04e2fec506d90752d5a2d,GCST90475136,0.7531983637219415
8ed73cafcb7845c8cfead4d3d63ab4a1,4b65b49db71d90871ad29aa063cd0951,GCST90092872,0.9996673871134661
8ed7852cd861158f08b323c66a0c6e47,653798c3c33407e05ba0a4771da39f31,GCST90018972,0.9786330459856039
8eda752b3a58dbdefbc850649ed1bda0,15fe9e2c7276c0553e3df42f4fa465a8,GCST90301946,0.9940784225988963
8ede726e10fb235371469d881f5ddfb0,042c3a5bd4cc3a8e3ed7a8ba55fb9ae2,GCST90475229,0.13394821698943551
8edec1b087d08c7deb3bb69dd90dac4e,0cc2b6934d2f8e2a6b63d69d6fd9623c,GCST90269720,0.999999998111818
8ededcfc2a60654064a4f0cab45798ed,3d1282efd542dcee98bec9afd221dfea,GCST90319634,0.7637576568150802
8edf0b6ae3526e794b0e53543b74215f,65af7f0697d20b07f2284a88d86a224d,GCST90475376,0.5477246303102554
8ee0c39ad9a592c3e558944e3af82a0a,98b8be64ef8a078c98554bed5da7e045,GCST90479504,0.9301625686076286
8ee227d3e4afa9ea59652587b90786c8,14e7b42fc4d889bb0d5e82fd45337b0c,GCST90479510,0.9317047569996934
8ee309d231fd731ec3823fa3efabbc5b,2faab6ca2c1511d4fd7224bb54c5ac28,GCST90476365,0.04582901435857703
8ee815d50718b8845046cdb0da21c637,b7b139cf9361f9102bc38cc723eb9552,GCST90269515,0.7444741990665087
8eee7c36142f11a6d63e0dda7145bf9e,034b0cf119143e0e6d49130d973a7e38,GCST90269516,0.9988034545070824
8eee7c36142f11a6d63e0dda7145bf9e,2ee056967da2ee2c2b6b94f346d67c84,GCST90269516,0.9988034545071391
8eee7c36142f11a6d63e0dda7145bf9e,91e31bb606e082a5da06afcedb6cfa1a,GCST90269516,0.9988034545068624
8efae17f3ad1d00fad8703cf2c9423a5,48e28a9debead7a2c2bf4b31a04c11d6,GCST90479522,0.6983550689289462
8efceda396e4fabcdecc9e1d84bbc3f2,568fdedd51d978027c8972d9999801a6,GCST90302015,0.9950434979316336
8efd7dbbff54a7f1e8de5bb9a4da3599,36aa310fd77b0682baee9300c7385890,GCST90269722,0.984170313786355
8efe0b373f7c4d7e15cc9823237f1f7d,32437702c54adfceeed90ab0db8e7620,GCST90476345,0.9870882304675543
8eff0f5cb4247a42473d754691decebf,a7bbd202b8ce53aed43ae42a8213795d,GCST004632,0.02167165560317892
8f05ae3520758413f252fd4fe78668c3,6732441193c3dec5f728b38cf6766232,GCST90387811,0.9966288790498964
8f05f844ed78911d78440e0f7afe6339,315daacd9e5ae9c1c476d93a00cb88b2,GCST90014000,0.9980417267117945
8f064abed6eb7d61884cf4d94436ba4c,9ad0bd529a06b72d5a9e829441bda77c,FINNGEN_R12_N14_ENDOMETRIOSIS_OVARY,0.8317543378691545
8f066a2adb6fd49ae0cd3feef3c10f4d,909d7d4262a93787e71d9671fa316cbe,GCST90002401,0.06039364372595951
8f071a69eb7d175dcb5acce847f0d9f5,e1ec6ffdbafbb5f29fd5a64e4dd5d5f0,GCST90476307,0.949122077458295
8f08b9fca8320d375ea10109e59b1c22,b99f39c8a30c8fab53d0d3ad23be001e,GCST90278635,0.9961081629524008
8f08cfd7c7521d90bebbdc6059031176,0aa9ed11984138187127a5d00bc36269,GCST90004251,0.9108341662609546
8f0bb9ea3669399ae39bc3f68da688c9,3c83995b9b71f81f6b237ff79fe8a5f1,GCST90002369,1.0
8f0e15b24b3c5dfeab6cac82183679e9,115d0373f3f975bcbeb1f9d50f42a5b3,GCST90013892,0.9973380309501629
8f0f5b796b9492e89ffc4ab1bdcb1a7a,8500d3ff69ed3b85033e0c58070f5654,GCST90319614,0.9439800221110487
8f0f5b796b9492e89ffc4ab1bdcb1a7a,9982872dc3010860f8b11d30e83d8827,GCST90319614,0.7708145689234701
8f101439d3aab87323ca301db0c1ae22,49cbe9eb06df4a1cdc009c3769859f50,GCST90435714,0.9780654606635619
8f137f76f64b6d5e95f2ace74a1fd609,81b514ff99b4023f0eb24fcb63838939,GCST90092964,0.9980756272771889
8f191b41424d5c24d122e688bfdda796,0d7aaa832907e7ab5d04907770841c5a,GCST90302038,0.9777652501529719
8f191b41424d5c24d122e688bfdda796,0ddb9cc5b3e040ff351cace99f4a8907,GCST90302038,0.9823218350401364
8f191b41424d5c24d122e688bfdda796,510cdef990d5380c44cfca9e9b3f24d2,GCST90302038,0.9744445877102332
8f1a962b0a4d169629e4e07afe7fa5a2,a2b62abcfe2cb4980e103ba832972d3a,GCST90092850,0.7688439752683068
8f1b0190d2342179a95959ad655baeeb,6e890cbc6980c026797e0736753b5cee,GCST90013992,0.9999999679437229
8f1b3b4cc8810913ea2da494cea3f63c,120f587b19f69bbdadf34c7c7c7d8668,GCST90002397,0.9112001019864736
8f2004e450467bf69ee3eb25db8c1256,89f797e7a801596cb9ea094203b5f40e,GCST90387863,0.9915480806609638
8f21fb3d329a3523ae292b81abae88e3,3d59afd7796f363fd0245e3952586a1c,GCST90278672,0.7912098372367653
8f248208f18ec29e7d03d834c446362a,5c08390a8cd4543dc439a946c61915bb,GCST90269668,0.9890190998705772
8f24acfe6989ab10a728a00fbb01f006,393d072dd46e6d3de18feae6c769a375,GCST90043619,0.11196520833107984
8f24acfe6989ab10a728a00fbb01f006,6df2c26f17c6e3d41ae90caba3596379,GCST90043619,0.11606926301004995
8f24acfe6989ab10a728a00fbb01f006,ca7d114dc0fe1addf3bf4a071234519d,GCST90043619,0.47411262843520846
8f2563d0a7bd5732b05e787b4b6b7559,c96062b6f2fca7acf88711ad56758c92,GCST90041841,0.9091042549025063
8f27b5212ca3e3cab4f929fe92c9ef67,6291496606b71877ee4b83f759125f2c,GCST90446141,1.0
8f2abd9547662d22f3b8a891733dab7a,83d01f5ec00478c33924c3f25c31cebe,GCST90018942,0.9871334201724299
8f2ad2d4713612daf9fa878d07332c9b,3ccd1531b92219c0d8ae775925a94a1f,GCST90239664,0.9842006022369838
8f2e0d999bedb7e8e40f0d6f49842b10,0b1052f81b64c0293e87738b2fabc07e,GCST90384410,0.9762395584143295
8f2e0d999bedb7e8e40f0d6f49842b10,3bbf62f210977baad2fba38f6d8b071a,GCST90384410,0.9985146686680495
8f2e24a96a25f185bff17ad3d20670bf,00cbd5d90b5df87b9e394b8572609ffd,GCST90132657,1.0
8f2e24a96a25f185bff17ad3d20670bf,5d1c56a958c2681d1eb068f750871281,GCST90132657,1.0
8f2f141e1be6e0529ce32e7fc872e4ba,4104ecc086eab347237af231eae487a2,GCST90302144,0.9536220890069245
8f2f141e1be6e0529ce32e7fc872e4ba,4305c3fc9bb7957b03f7c1e1487140dc,GCST90302144,0.5432594462754661
8f2f141e1be6e0529ce32e7fc872e4ba,98726b8ebfdf8b28f508adcd6a1008ff,GCST90302144,0.28746165107119925
8f312166adbfc457b273e23b7b693cc4,ad2e70612d17224c041a6e8b1faff4e0,GCST90199927,0.7030641914656078
8f352721f453accd6df065479f14f022,9abc7eb567f0681d7d72da1b27f6f76f,GCST90018964,0.9124704275990149
8f36fd164b786db762af84e23739c085,09f07693962d67cb92c049cdeae3fc47,GCST90269628,0.9358238751870087
8f397b27e3502ffade7c1801ddc56883,6afdf6101b0dd95af73987bcde02e578,GCST90269595,0.9941117619073162
8f3e9ee5620104e4b3a62dd500a13c4c,6f089afcd1a48759dc875f253d3808de,GCST90025575,0.9816773237761417
8f43f2934b483415a4d417d3334bb4d1,0f127e069f4b2f35e965f53118ef038c,GCST90387578,0.9929394408968574
8f44c92897af6be67787485f18377817,7b41084306c3f3b4b46e822f6f606600,GCST90475229,0.99079439244149
8f450e2b14732d3137eaecfeb3d3e34a,0bf4717243b48cc49bd88deb827cf50d,GCST90446078,0.9977880125472088
8f4541a6b4aa4fef6c6adb4c6c334c51,3fc3a9648258afa3fc8dfcee391adf29,GCST90445987,1.0
8f4542942e9fb2134245a6a5649e4595,4e76d2391e13bed6b8af3212a0745efb,GCST90269589,0.9984478216186405
8f48663a7d916d64f025641840c3c237,2d1c0f3f1eb7f8b638cfdf7f390d8089,GCST90269707,1.0
8f49b735556ecd87f6a9e8166983f5b8,d266cd38041ef376c70a225fe8d70e2c,GCST90472783,0.4928628029850304
8f4b8d616fea8a2c666b1b1f6ba23a38,b8fc9fccf2928f2b9b18f72fde9abbb0,GCST90269736,1.0
8f4f9e580b3febc3c5b687bcbb18d0bf,2f1c860fd7d590ca9e539616417a2b40,GCST90092967,0.999999999977959
8f50f725c2643301ea87441d9a1d60dc,371169656e135258bee1e3d459bb9a95,GCST90446122,0.9999302476925529
8f5228444b10f3bbb896bdd8c3c37034,6985550338f75cb9a39ce2b681758c1d,GCST90269593,1.0
8f5570df14d96bee32c307e9bb3f6381,0e167055c1d8e78d748bb4be662ab7d5,GCST90029013,0.9484333149993454
8f5a195d649169ae59030ab472101b2d,c41df6461bb5437f9033236aa5097c9f,FINNGEN_R12_H7_MYOPIA,0.9983064187038984
8f5a5b5404bd260650a3d6d25f723bfd,5760a1a77b539aedadc90bf6555951f0,GCST90018964,0.9920208555926591
8f5a5b5404bd260650a3d6d25f723bfd,854b1eddd5c2eee838d70c395820f204,GCST90018964,0.8670032551784603
8f5c13293894b6cb200d477d11513a5c,21b5e5e626d9920ede56ce529cad4eaf,GCST90092972,0.9928356423409459
8f5db01b4e3da6b0159187e3ef1c80f0,46e7700c63ce81870b24c9bcbf13898e,GCST90240095,0.9736462935746796
8f5db01b4e3da6b0159187e3ef1c80f0,88c186705f11c0a6ab6a42404f3261f3,GCST90240095,0.9320194541657398
8f5df0a00277c4b566119401a46ad261,a34a477a779f16072f058604e8317d24,FINNGEN_R12_HEIGHT_IRN,0.2046792551658788
8f5e36158a9a77d02ded282fbf9f9f5a,9e04da80e49c861ff5b3a1e8f542f3bc,GCST90446026,0.868982798071281
8f5edc52a64bfc855b3da75ea35ee35c,59774ca421375a837a0742d230d9abd6,GCST006867,0.2920292733995205
8f5f255bbff9f4f714b6b67a84016633,1c9bea69c32107c64375e81d3cfac479,GCST90446116,1.0
8f5ffd93ec928dc68f4b24835d02a2f5,794766d5885bfbd8a9ca5e114914fe1b,GCST90092962,0.9990457536182256
8f60d51ac6f50f36cfc0a3678f91b46d,1b9aa8b4a7f43bd7bb04f9effad3e534,GCST90004061,0.9993315448046218
8f638258ae6b9d3466b3b1150b31189c,0f81c0b989763fc2dc3d3e04a45d8f73,GCST90014001,0.9174471716819766
8f67a45ded6d2b77a99779a5dca58b9a,37e1fe75e2699dad5b4f0f6b4d2c047b,GCST90479525,0.993061363008235
8f67c7c899241f65d81a06b2b3f43999,41cdceaaa167a0114f05ac7fb181cc19,GCST90204167,0.9820818093824847
8f6a6489b023a99747d0abda0180b2d3,1a36f57b7744fc9a534a86d606af30cf,GCST90475288,0.9211732901619302
8f6a6489b023a99747d0abda0180b2d3,217c46d6c39fd752f1cbce210d43e35b,GCST90475288,0.9213185072267096
8f6a6489b023a99747d0abda0180b2d3,2ffba62e2eddb4dd7f70c4c4e3fa75c0,GCST90475288,0.8600333948056478
8f6a6489b023a99747d0abda0180b2d3,59a60f88cfa4cfd0a58a9ef00e2a414e,GCST90475288,0.9390784653593747
8f6d5b789f19a4ff2ebfd932c2aeb98b,131c76eeca77a9bbdc0a36b8391c2cdf,GCST90264290,0.9989607721467497
8f6e1991c5f598f7f8079f8e5522f6d6,e5eacf90fbfb7e4def38b8e251ddf696,GCST90475344,0.9684706570443449
8f708114bf8ec1f397fbc7836a8e48dd,703d7e75c9eeda091fbc7e61835eb076,GCST90019526,0.9914429145283802
8f7a0f459481b9ac64f2af2806087dcd,7f46668a2f67d934ddfa535e3e6b4134,GCST90446102,1.0
8f7a965ff5c2ad9ae4223d0e8479940b,134a09f3c110b8ab9d64fb90974956db,GCST90476349,0.8760248261838708
8f7bb54e79f2812df96dbadea01ff2d1,0686962f2b33191c44f82fd471fffc12,GCST90269688,0.9788474172961616
8f7ec3fba7f020c8a16dafc65c7cf009,4cf7c5bf40a2e04402ae9164cea6ee4e,GCST90002385,0.983716762453793
8f7f0c90b20377ce7b731e6084613740,b1390e1a0c954775fac70887a9ddebff,GCST90013992,0.8582727081543626
8f7ffbf4f72f4a766a0803dc7a78054a,44067d41be7fd78bca157b8ff716f12e,GCST90092985,0.9994343424926626
8f812af6b5359479d9f7923fdd5d39e6,079beb40297caf7da44067cc0d160e3d,GCST90269546,1.0
8f84134dc34fdd0535e675eb937a8b2b,5e21304e6f4eb2e38a8299400953dcde,GCST90445900,1.0
8f84134dc34fdd0535e675eb937a8b2b,63f519d35575cb360ddecefb8a986ebb,GCST90445900,1.0
8f849292b5c0aab4025116a78695add4,3873ef8fe1039e6c2024a633a2951aa4,GCST90025366,0.9984159254653848
8f849292b5c0aab4025116a78695add4,7882f64e1bda846791452d08befa1534,GCST90025366,0.9997110758134115
8f84bc98a5bd4acc47a818dc51b7ab24,775fd8303cbb38072ca20978ef8a98f7,GCST90013939,0.9597321089775379
8f8619c533399a82dd0a8a4eebec30a3,dbd83a616ea12af679b037a6bd9f9847,GCST90092807,0.9070970240139831
8f8619c533399a82dd0a8a4eebec30a3,fb1a8e90c189c60e7656bc7c0e612ff2,GCST90092807,0.9026458828965102
8f8637f6b2659af2766ed26ca278b783,bf129e1d43d007694d44e8dbf4bf029a,GCST90475300,0.9968978839000354
8f8669b13cbebdf52bf1de91912d61ec,643d203f1b6fc831976ed3afb6f0cbba,GCST90269703,0.9909880746026037
8f867c92be6fb77333371d643c5072aa,67553ccd5a6e6d01a94f1eef90981fe2,GCST90092967,0.9219727251769145
8f888a2f017ddf6f42600666c51a29aa,59324bb635ee140b9d494ed97b049d61,GCST90092888,0.9966657605594086
8f8ebb19874d60b4a030a0ff04718a1e,2ae935e9423dc76121cf2dd7b47c7118,FINNGEN_R12_E4_HYPERLIPNAS,0.9999472263254185
8f90452c693108f3f8791778ae0d6858,744c72d5ef123186d086386174c6e29e,GCST003116,0.7498610866428194
8f92087b162b96d0da11681bf9c13c17,1af4034f5de8f98010c4f74fa88d6ade,GCST90479523,0.256968281280274
8f92087b162b96d0da11681bf9c13c17,8a841476bed43e18aaf4a5ead91c34bd,GCST90479523,0.9915115667553597
8f93230298985d8ba61c1b734b3859dd,570e880aebe9b3bed280211034275c33,GCST90480342,0.9967320768444962
8f93371934e47cbef85f420db639c87c,d46255c8b859137ef553e0b7f6102270,GCST90029012,0.9234500368953449
8f939ecedadb41e1adce498255579076,0819eb8aa00ecbeb050f694688f3d559,GCST90092959,0.9442072579353225
8f939ecedadb41e1adce498255579076,427ae73c5bc91cb50eead01f76c8ee21,GCST90092959,0.193598856332768
8f939edb7c5471d0c65845e79c856002,14433364c1b33c0c5abffcdb96bb3b3c,GCST90475348,0.8010590214445414
8f939edb7c5471d0c65845e79c856002,bf0d2fa72275085867bf49864898a2ba,GCST90475348,0.5780995048618076
8f9527e410421aba057e1280285e1ff8,056282d6335a8b0ad059fa4a7a4d815d,GCST90278667,0.8705999437074462
8f95722079cc90e9953872ecc40848f9,6645b541efbed38a58113a0c7785f69b,GCST90446135,0.9066460056544795
8f95b21513ef76d6894f85de571488e4,d52f189c9303175096ab86b17c7cb42a,GCST90002364,0.7825530100768481
8f973ad6e71c9761b26cc1af14d33746,685bde1c24554e8a57068cb1d1e6e062,GCST90264206,0.9444143601868987
8f997ac5f7f757333c67c872549ff3fa,0dafc005ad07f19a698e2224dc469452,GCST90013932,0.9985096589000686
8f9ab026ad726d128bdeebef36803974,0a2cf8e02b053bd86bba674268b90184,GCST90479924,0.9982557659427995
8f9ab026ad726d128bdeebef36803974,43453a3babf61e5c2da35f1007b51c12,GCST90479924,0.9985219526606705
8f9c790bec6c68aaaa8a41263a9b9ac8,81697e06e4594db12698dde2c4340603,GCST90269662,0.9812291200810869
8f9d7e97d66207618320b2a6505fbef9,1d6f9cfc419f1398ca882b511e0daf7b,GCST90269630,0.9579600890562492
8f9d7e97d66207618320b2a6505fbef9,8f6164936023652f480f2c971f4b6002,GCST90269630,0.9410177616610458
8fa22baf081c61677e0661826e58991b,7b698ae20618ce38d7127c63dc7a2ec4,GCST90475523,1.0
8fa3ead842a27e57e1afd640be637daa,64bed75ece69096045d465857b5bbb63,GCST90092825,0.9999999973140703
8fa8c0a7c3e020e069564854bfb06642,74b682d5aa02acd9246b9a0ffea1a760,GCST90093003,1.0
8fadd06bd6a4b5710b01966199398754,8d000a495a1d0197882741fdc6126a8c,GCST90269719,0.9999447723177851
8fb092a4e70763619c5d6df7da1c8fd8,0710f770e95602d8e155248351d1baf4,GCST90445888,0.9947028191465322
8fb14bef4ee7a1185b16671489f6c09d,33c8484e2474e223238b3f352930796c,GCST90024631,0.9983338629362499
8fb37de047ddb01c2c535d8393807064,5d5dcca25c6fceac19ca0de947ff11d0,GCST90302169,0.9907263969359026
8fb880929a75f50d44dbe0f6283a8e7a,32ac3dae033b835f06c38f74e9785c91,GCST90014006,0.8935244121246073
8fba6814a0c2edd06a7867397c67483d,6c98e897d6c81594fae766620e0abfa9,GCST90388009,0.9957086527553263
8fbf3960a1b6304a44175b159fba4839,8ad77b087a2a096ecf88e7954cce0d67,GCST90096893,0.8004567020285164
8fbf7416d416adb8fbd82bee8efeeb43,7e30aeececd6a9b242fab440451b0443,GCST90132683,0.9981911601934278
8fc00a05d1429ee58fca2903a18b9bc9,2d5e54e8106dfa952be63db15297a382,GCST90269533,0.993462985268386
8fc56567cc2713e39b37f7ef945dc82b,29619402e069893487b9ceca56314569,GCST90200239,0.9534109559561531
8fc56567cc2713e39b37f7ef945dc82b,3de6de79e3491941eb478da8fa5ee687,GCST90200239,0.7025420027567225
8fc6959b52d3fa892c777a0b7c8fca2c,5449d32761e6785c2e043039fa37a0e4,GCST90479669,0.903161885906584
8fcb49519bd15937e46b554403938528,6b4eed99c484b39383646df63aa877f7,GCST90479675,0.7614915605402177
8fcc74a8c0df304566082b441a8c983d,60faf5f426830430d7b80af733608314,GCST90479806,0.3037040732109578
8fcdf988c683e456f854af2d3009194a,3ba6b0c2493b29416a7718c368d45c79,GCST90436381,0.9978002474388143
8fd1b0e02168f6e364b4633883104741,0bf7effd45fbddc5d7fded269ac0711d,GCST90445837,0.9361218458684756
8fd301d22a1c6a32c0999cef028000ad,93499e3e35b89592da4337f104b6d291,GCST90479707,0.9752207689642571
8fd4f65376b77d93b661514c41a2b71b,1359fbb41c0cc45e4a2f7a303dda29b1,GCST90388998,0.9599755060810806
8fd582fbcd9072259558f0e9e54b9b16,06d0fb649c94e94465230bb0c31ee5e4,GCST90013871,0.7636606048970078
8fdd66aa0466e13aa00fc5b6ff7b22e4,47a00c3e74ee4ca0a67143c70c2bdc84,GCST90269595,0.9780972999832419
8fdd66aa0466e13aa00fc5b6ff7b22e4,4f2a9bb2b149a3bc60d092a241c2d1f7,GCST90269595,0.9833897315281106
8fdfb4b8113aeb6984a6bfca480f6b95,7877af5e25ad1e1db6f5883ae20455b3,GCST012231,0.9838224167120695
8fe97b2cbe01868ff7290730d7d1d50d,0169a57614912cf5aeb587818fbc843d,GCST90002385,0.9906669770070716
8fe98803286bb19ae108c10b8f1db843,487a6acbe3d2b0ab5b10df1756361e3f,GCST90479640,0.9990882943298959
8feaecd9fc32078eb737e2405a7d0063,7b4172d4c18cdc6eb6991e44e25ee5e0,GCST90264697,0.7723576622172051
8feb4cb0226cff3994dbd14a827de662,052868c940cd89c96c8e3f3cf2497ace,GCST90302077,0.9999505928279617
8feb4cb0226cff3994dbd14a827de662,1580af3b354af2df32d1231f7007563e,GCST90302077,0.9919824645332738
8feb4cb0226cff3994dbd14a827de662,965e7b223c42c887d32120c166b187f8,GCST90302077,0.9822055340266399
8febfd7cf22f1206faad5a3f6f49d792,f853db689846451c87a7b78b90a8ef27,GCST90445929,0.8418238147785345
8fec3c7f82731222d36176e1393a9b50,388637d36483411669991fd37c696ade,GCST90093021,0.9882520889619391
8fec3c7f82731222d36176e1393a9b50,6acea31cf597d7dd26d712dbed18c9b7,GCST90093021,0.9916911717359934
8fecb79bcf946380ed2bf6e1ca0a864c,de1fecf28fa7edbaf3355449e6d69fa7,GCST90013984,0.999773883762277
8ff04b98e5a801726fe74087672437e8,818cfc3b931902c377c8877b5eab64d3,GCST90024589,0.9422984772033508
8ff1b65688ff51d3fd75ca1246f049de,517a15e4bddcab2345073de48d40712e,GCST90239674,0.9817800359471446
8ff5e5edc315b2d6c1abfd79f5da4dbd,03894059b73e8f8c1b300e360d61aab1,FINNGEN_R12_WEIGHT_IRN,0.09602932771070984
8ff7c2b9c24aa3cb38682c746c65d39b,1fcc3495888f8cf92ac002039fd465d5,GCST90480702,0.8314810723135448
8ffba8a63824eec4a4159734b86e6243,230f203a9778e18bc160864851cca88d,GCST90269661,1.0
8ffba8a63824eec4a4159734b86e6243,9022be3e10dc46387cb9acf89af4bdb3,GCST90269661,0.9998432157274849
8ffbf3d95d1762fd461fd6d285c7f5b1,e4a74bf3f6159dbef374cd8b4949fa94,GCST90302045,0.8768556074045665
8ffecf6462c3a11747a151cc91bbacb7,61437c6a311c38c09e88fa2163c5d451,GCST90093004,0.9916725230954683
90000fea98fcb22aba5f1885c622750c,1c1daf51d4099bccb27f1672a377dd43,GCST90446076,0.9970889718445195
9000269a0f8b47f9219bbd2a0f827b30,0349cdf4ede8238f8d5970cccd5b8c69,GCST90388507,0.9835943763313332
9001610ffcd46745b49711da612d9531,7c3a9413e135d5806db0e4e0e3a05aab,GCST90104003,0.15442206459157412
90038a852cb4d95eb17b6f79f7bf233c,48d66a6107fed9100e125a2f087dd800,GCST012229,0.9720133047029058
900771d6fdaa4361cb77fb9f74828b75,1a760435e1faf578b3fb0d4fd1e7e6c6,GCST90269595,0.9814807824251865
900771d6fdaa4361cb77fb9f74828b75,7cbb735fbc0bbb4b02e178857f6e82af,GCST90269595,0.982394082077074
90117097fd1ba2e240e3adc151b99159,fad750b3790f54b797b55e1ac4fefd3a,GCST90239652,0.989155009209125
901615e49920783218c29ef5b2f91136,3017ca1f037769b0296498678bb2a5c2,GCST90004387,0.08506901763050718
901615e49920783218c29ef5b2f91136,3b53768c31118fe2709adb75089b81a1,GCST90004387,0.5731519309509394
90166e2b37846907e37e100daaf9d81e,199eeb081b8a11147f1c2650efa977b2,GCST90269497,0.9999999997245084
9017439bb30ae3c35856cd14a0f85ca4,7722896ee1bc86178b0a27a6f3ed1c41,GCST90002304,0.964006124734608
9018acd49a00eb3331341afcc4ff75a7,7d3296aa0c4a212544fa11f61af23299,GCST90266034,0.9983125967498436
9018d92d5a96811584fc350f335b3095,38144c9f0b3625b5cf9fe9203c28bf59,GCST90475291,0.7661238968903374
901d71bf80b936a035173787784b9e54,6d0d635c6b0883c1d1b66928b1700895,GCST90092825,0.9984794624256293
901f6c2cce0a4972b3f3348d5154f42a,60d34e9a4575eeb9f31309be1ef07943,GCST90024699,0.999985178978719
90204c2541ab42419852aa9a0117fc61,7027f11ecdd143df74f0c4c555e61d16,GCST90389119,0.3780112669467442
9020f41ae891876e46fd7e7cf06f8153,83525814364ba3d33a511e122b769d95,GCST90132225,0.5497948723267424
9021aaf8c8d6de6ad9973253101b3917,0c45708bc5a0abee8abab82efab7566e,GCST90003834,0.8103238337340735
9022634c04351c928f6650528c465c91,0eef95f991a84f08720e69406ae2e32f,GCST90479604,1.0
9028640cc965c3c42b84013d5a33ffe9,c4e33d74493a5cf1afb83e536f5b2d5d,GCST90475121,0.9967033899031755
902d0e9d1cdfe4c21323c08d5a28f466,5d0d27d83a7d652656c223fa8f0407c2,GCST90302137,0.9879979991675804
902d3ceec55ccf7fc0eea0837b5ea39b,2987a2eceb4be64c260e8914019e4d59,FINNGEN_R12_RX_STATIN,0.9979661572761812
902e2ca57f46c4df555b96ee6284dd04,5b5304c8e9138a663618c3640fff4f22,GCST90446041,1.0
9034cfbeb29feea55e99ea7837687c2f,f86fef137ead86ce700d159686897c70,GCST90271705,0.3007510674822905
9035904cba03e81f968d6845b6451b75,4e501163e9501dab102b7e49366c9a3c,GCST90025408,0.9694514814258501
9037f971b84e4023ce1b5998a657a981,62cae790d8fe9611db17671031860764,GCST90446030,0.9637934854505789
903b092ebbf8df2cc6530b621c8fbfe8,636973e91989c8c3c672e626e90a0b94,GCST90476345,0.28731742144949957
903b2ed0a3cb4f1c6b93455e468627d0,1a27bb2a45d98903066f9971049ee6ce,GCST90239650,0.9959884959795677
903b5fced65d06c74c3fb3e40e0b12d3,a4a2b2385490ebc6f09679942503672c,GCST90014005,0.9011179912787646
903c480f1ef8ec0f2467db6b68b26ab2,8bb2abc4d931956a50fc8f5904a4fbcb,GCST90014010,0.93494984989707
9040a097ca429bf37b55281289ba2e72,294d89345c2d91a1bbc9f2758afeb500,GCST90302007,0.988450767075202
90417fa729e167c5178bc704e9f6e7e9,157521367c98cd542b3a82d63e1bc27b,GCST90020025,0.9968601994552878
9044969c236de6109d87b3fa01e7c196,17e475036d43878279150526bb091731,GCST90002310,0.9967642095373008
90457f86fe66f1869c3ab70f512ef832,1b7f63b22daf41db7b174d405e0f4322,GCST90018963,0.9950470148979694
9047cf274eb31d13f35df4528ea6155c,a4ce7531ba53d4502e7c8fdb9cf6547b,GCST90475291,0.9363245305881944
9048cdc485559afdd2b8fcdf610f1463,4e7bcae416c936828ac7b399589cc48b,GCST90132314,0.980862909274232
904c1438f7cb003e2397874f7f1e3cd0,88c536f9e285058c74d08dd49c7b3aee,GCST90092952,0.9960304258449086
904e228edd2705b89663054a8e141e70,80e09cb7fd48d8e6494bb64866fae27f,GCST90269648,0.9978661199760565
904e45931cbf67d308f8a572833b7cd2,6877f4aa6d6bf05fc16016a40ed8db25,GCST90092874,0.6900740139192089
904f5f8b31a4f0e2fd6dbb380b1ca56c,15e27802df4989b2f79197c5ec9374eb,GCST004133,0.8765291893695594
90533ce8f951e83b89ed3a8fbaf3a7e3,5d8e399db2036cc964f8b5945e581eff,GCST90480651,0.3193295265386984
905403f09afd68b0b86713084dda1a28,f2ed09180d0367a18c4a674a2b596196,GCST90302888,0.9754017512316503
9058ec92826ecf05e61d6f4ac6324bf7,277df6aa694276eaf8157f8835ca3428,GCST90269726,0.9902515738750769
90590efc16e8b45c960b69dd648c2079,764391544a3d748a47853ea1dc3ad316,GCST90387911,0.801474620317343
905b799dea719d571e313bdedee5c6b5,1756c574a5065d815fb8bbb833c923cf,GCST90269533,0.937843061464595
905bac6b94a2a74931a1ab675d6aa6e3,7bac93f1333d038c9808f4be1a0287e9,GCST90018979,0.9982265260782721
905e998cd88e8eab514192d9d331f140,1f0a4dc35a3ccbb0427ae41cdfd220f1,GCST90302075,0.9491915251634213
905e998cd88e8eab514192d9d331f140,40e059100f5db5bd1c857a517c798904,GCST90302075,0.9460816252308484
905e998cd88e8eab514192d9d331f140,5b9b6cf386b3374fcca68f5f38a25ce1,GCST90302075,0.9491915251634415
905f0c1a6dd5d0cd05fbe0115e277d61,7ac1034f7db70d854c880c6908b4e2b9,GCST90319599,0.9915156577443497
9060c4b9495bfbb3d38714ac3ae374ea,1456c034d07eb50ed22609db096b9a39,FINNGEN_R12_I9_HYPTENS,0.9959684655326135
906130264b964c3ddf57e209715cf410,80a8b6ce34096e662eec273e0ad1b9cc,GCST90446078,0.9952231018626904
9061dbf8ffb24a4069931f2c83ec5988,6c5f2098219228bff25d8f14942207da,GCST90000025,0.9859758729646662
906305490c4e53cccbd3e1b36ed11c67,50654ae15e3747d983a2bacf9964a3e1,GCST90302016,0.990574429170477
906416640572bffa66eae6d51f4e79bc,24d65de55353eb5a1a9a19fca5dd9b27,GCST90092985,0.7605111962315529
9066d6c1c99dde34cd651abdb7b0523e,194adf5f663dfd3af6c6c38683ffaa62,GCST90267359,0.9540215848166306
9066f9631e9f43b78209e2876efe569a,2d2849c3dd59c4357c42a2f9c24a1968,GCST90239670,1.0
9067beabacebc45d0f1b1527ffd8f500,05e8240541f6b12af8fa4ae99ab78e2a,GCST90270118,0.9981909895635835
90680c70aedb2bbde7e7e2027590d932,0f4a6b38d9b303c617452684e6eadfe9,GCST90024990,0.9950989927356396
90680c70aedb2bbde7e7e2027590d932,7dec181e378873ba785c3a2a788c51ce,GCST90024990,0.9939951629223955
9069d81629385d9fe40a092526f8ae01,8b7a079a341ef9f8ffe4a67581bef092,GCST90025613,0.9925299210096272
906ae274ce49f3d0e7937cac31ea2dd0,5b2eaaaed154f697b8353bd518177504,GCST90092867,0.9966359252344456
906f30234741ed0d71532a70f421b0d8,4da092312a5ce71d38bdf81b9f77f724,GCST90018966,0.32989109744071626
906fe7bfdf3b35ded382d6a1626f6eb6,003165ebbcadd332de2ad75b05a48dd1,GCST90018943,0.781623288375886
9070808bf1bb1ba7dd2a308c2028ac49,154413585193a30965d36ac6020d176d,GCST90014013,0.8652547244433211
9070808bf1bb1ba7dd2a308c2028ac49,201311335bbebd048c4e8cf2069b55ae,GCST90014013,0.8526476394451683
9070808bf1bb1ba7dd2a308c2028ac49,8dcb39f59121ad98854414fbafd15b3f,GCST90014013,0.8669633425417521
9070808bf1bb1ba7dd2a308c2028ac49,a3c123d5a7d3877eeb1f037ef4fe8bfe,GCST90014013,0.4772576599788007
9070daab64e2e00de4a7e31385a29077,20f1a44a4ffd9340363ce60620c5687a,GCST90013994,0.990951910693246
9071ec5e4b061512be0c59467477b819,5a9ff172589770dc3b40ca2895b6a72b,GCST90269548,0.07651872735631247
9071ec5e4b061512be0c59467477b819,a98f3cb9446faed779a97afff4f41402,GCST90269548,0.22604283656969662
9071ec5e4b061512be0c59467477b819,e953a5e669a302ab9421733f35a8ecf2,GCST90269548,0.11368251996006319
9075b809da84a8f143542eb5d93ba87f,ffffe322f1187e549662039e940657d0,GCST90475282,0.9315809905733079
9077aee5e2c50da1909a5ea2ac2cae28,7db8f6d2cff4f33f415fdf7ec9c050cb,GCST90308601,0.9061773046126389
907f1dde6771bee0613729ff9327c39b,7cf63152c094c7a5d778d54f604cb0f3,GCST90269630,1.0
90859192e0f928d18db5b1df7e9c2d8c,39710dca949710563790d32af7cd93ba,GCST90301986,0.9996353101874765
908b39bdd0124cd5a7839735b544d3b1,83fab57c54b97bff6852c904e92fc833,GCST90308599,0.9512044560676752
908b494e08d438846d99a8f76215cba9,bf495f05d60b8fdb5b457af6b9b8c086,GCST90092894,0.2200678421294641
908fc722f0dcdb79db96ee2291ef3cdd,4546c562002075789612c2ee0ec95572,GCST90445909,1.0
9092b47bf7e210549e3f1cd3fa865f62,24f2bb2532e2e49c9e5a3e665af71281,GCST90019518,0.9960460014485111
9093bd7fff1e5de937820d6a2ef33975,33380f783fa22ebd7f6b2af00918a41f,GCST90002395,0.9967110867312524
9094a5d8e8bd11a736418bb5210db340,81c8bc9309750dd3eb9821c1368f8439,GCST90269726,0.9967153708275263
9097b158a17d58cd508aa883fcd8732e,2889fa508576b8bcbbcb266802eb625d,GCST90002391,0.9920194621114852
909810866ac92340aae3e711f6ad13e2,5aeae1fde25b9b733f30baff1100de36,GCST90269653,0.9820467591022563
9099229cef4214c412fafdeb657b5be9,d10d22bf30cdc1984cce8bba38b936d3,GCST90268497,0.9753732186363824
9099229cef4214c412fafdeb657b5be9,d560c56ca0c46ce79a604b8259a4e776,GCST90268497,0.9781871009757884
909c818ddaa1ac55298a33ed7932605d,94299c6efeba6dda72a5db1e5c8d4ace,GCST90019512,0.21175207156938458
90a18309e95bbf2db476a779af01d209,ac34ae090ac218c003bb611f89eafc0c,GCST90019494,0.9996660391149196
90a4a18a2f162f0e1ef1091550e4d270,2309da867bf2cb7cebbf73021c175672,GCST90014017,0.9960215991758036
90a53c492c2665b7c5931b8af036f3a4,12a309d89b1c2509342e61a2da83864a,GCST90302045,0.8518604895504726
90a9253ff5afd3583bbbb361198a832d,8d5872841c75e3e9f9f869c6955a703f,GCST90476361,0.9220029306369838
90ab83201d9e8628ba02cd31b68fbca0,3e01d28f17a1237ab779bd99e1e99cd9,GCST90319631,0.9595803999220397
90ab83fcf6630f5462ac3b6913b9e372,742f6d11907e474bb18e87106cb8857e,GCST90269745,1.0
90ad67883a444ee7e09292dd4f52f88f,30286b6eaec83277005c1cdf76762dcb,GCST90269745,0.5636074583911003
90ad67883a444ee7e09292dd4f52f88f,70aa35a9e1da62680dc207800d929b83,GCST90269745,0.7242584747787333
90ae1ba37d69741df3b643caa848275d,3416ee694d739aa662f1cbd39e8927bd,GCST90479870,0.23560123871174235
90ae98000733f76a47aa1dbe7ed47756,38c2faa22cebdca702960fcf0d26f5f3,GCST90100577,0.9978098984526584
90ae98000733f76a47aa1dbe7ed47756,6cb28a86e8fa898276187343c42a6274,GCST90100577,0.9978098984526584
90b64158f2af6ad393546daf67434408,2b56b28e3834d5eb91372fa07b95d223,GCST90025433,0.9312368350408254
90b89f48d867918726723dbb57c1017f,4d837dbe0a93fea200c1f7e93849e68c,GCST90475376,1.0
90b8c57569d486bb71f71bc7db9fee30,41cc44a68ff5c49e35ca02025d4d8e82,GCST90446794,0.967266458192261
90b94d1d135c1fe4665752fc3845bdbe,4edcab7da467f87275f50efabbc63a3f,GCST90092827,0.9949674457028514
90b94d1d135c1fe4665752fc3845bdbe,65f9814e7d232763600ff3ea98008db9,GCST90092827,0.4631770214731613
90b95271d92dba02c000dce5abb06d4a,45d3a9ae8f2a0e04787316682e1c6c34,GCST90319647,0.670169193427198
90b97c161d2c3328a0ce93db5ece49c6,7d3d0250763f96ac3d769ac1389b2919,GCST90004244,0.9530095804465768
90b9f023b93695bab0cdead2fc89200d,0c51e9ba1785fd2bfeedd86ea99880ef,GCST90308598,0.9980347481366686
90bad230435c2d672a5deef917c839b6,7f9524626479afe77509b47ce39e64ad,GCST90476361,0.9835394533169737
90bcba270d168f3b4f66d90b8576b5ea,65e3f0c357f9505651a0a6ea668dd248,GCST90013996,0.9999999065519888
90bceaa4f959b807e7eefc42d5f6e5ae,596990693f6a1052431f992b2335e833,GCST90269596,0.983544333057748
90bd64ab62f193e8e9bdcfd1d70881ea,092c3226b131ffab7ea9f36fbd884d4a,GCST90476430,0.9999657519302582
90bd64ab62f193e8e9bdcfd1d70881ea,1b900688483c4df22dd7bd632ddced02,GCST90476430,1.0
90bd64ab62f193e8e9bdcfd1d70881ea,67cb697843394fd6746d495c7bf45b37,GCST90476430,1.0
90bf2eb5bfbd20dcc0ae1f8a7f187650,05453274657c67e0c765183f747db134,GCST90269508,0.9890208554240817
90bf2eb5bfbd20dcc0ae1f8a7f187650,7f186242d1131a2f242f0198e6c76ad5,GCST90269508,0.9806888668932098
90c04b06d77e006a33c66fa264461d65,b78eff6a78c74acc29feb55f25cd19ca,GCST90430033,0.9834728516756602
90c21fb13e1db0f0293c3c5c7ee1d3b8,8850e6bed2e5c92fd4c27f4800b6e8da,GCST90436065,0.8798817040495759
90c69cce9e1bdc1fafdf81ac6383688e,0ade14113dd750842c4a35a3cf5c1ec9,GCST90013984,0.988476621969539
90c710a7c6bbec313d010cbb76250c84,744046192ca0d418f0a122b620e7be02,GCST90445857,0.9999384307694377
90c8a59eabdd2385da56407ab8d1525f,1491d52b68da2ec9d79fa809e928a46a,GCST90014001,0.9555803474430541
90c8a59eabdd2385da56407ab8d1525f,e53593680905e79abf15686606dd6f23,GCST90014001,0.8433018017360631
90ca7b6da4fc8f3df91215847aff98da,85fce4d9afb880ff9b0c51a7dc78b11c,GCST90269734,0.9709731437105094
90d1099623a98f0ff4bfd7e1cfcf845f,bfb3ba98dd40429e0f34fe8e89706b6b,GCST90060584,0.9791944961854054
90d3aee245c6748842f80b4e0a827549,1d4413a0bbf09bb030d398266ffd8f39,GCST90302014,0.9951425637416179
90d43c7ca67b91a06dd4c5caf7e681f5,4aad16a5d6366e20a6aef61c3afe1861,GCST90446057,1.0
90d4a6388f457c2a181222ea470b2e79,91ffafa1a8eb34ea59708c01cf8e8959,GCST90013980,0.027322964187883415
90d7a54ea06f189fde44b4b9625c9582,185dc43eb35873940788e2c51ae6d87c,GCST90092940,0.9925827795110169
90d8608a511be79f2d681d29db6db1b7,13f7d39bc078d77a0ac809578d3e36f8,GCST90269656,0.9987615363305373
90d8afbae906f73de89e532a2c5c2448,12dde09b197fd37aff7409cde7c6868f,GCST90475380,0.1391461091081531
90d9b903ebdadc42f3bddd268ae88e1d,8d58a6f4c0f0ea32fcc87283bec07421,GCST90476357,0.40767100860872874
90d9b903ebdadc42f3bddd268ae88e1d,e6b1c6d71c9d95a64443593f68b94695,GCST90476357,0.9565482824165602
90dad1c150e9001316f608f087b12449,0af269472e642061a58264d49a4628b7,GCST90092822,0.9999999988610568
90dca31b0d15402c1b4f54576864609e,8d7c660f0e41b2cb23e2a4e47342db8f,GCST90479599,0.9958969629766456
90e0473f867e70b6a131e843dd3c6a4f,19be3338768189d4d0f5b90bf1c9e313,GCST90302159,0.513369631555932
90e0f81d339477d7b254c03d3688a953,4e95a4e8dde5710971fc0e9395ff1e7b,GCST90428447,1.0
90e1fa7733f6e886d2a69c1396fe7f24,397a9597baca1bb224623e75c98e32d5,GCST90387876,0.14192639415545175
90e1fa7733f6e886d2a69c1396fe7f24,ff740127825c54302b2b6cf20cb29f88,GCST90387876,0.051208587574224695
90e2ead8326735e40f11230631bf65c3,6ca356c458bbdd93ea9bcd216714901a,GCST90092970,0.9958789742573366
90e5f52c62630c30640702b519091b55,837ab9d1bbe67449be3570364a175828,GCST90132688,0.5816043445465482
90e72725446de94494ef91ffa0ebca64,7bf726226d71866dd4b4c3e9cc8d65b3,FINNGEN_R12_O15_ICP_EXMORE,0.8089512227065963
90e7c62397681a57c11c316956b334c0,04161704ec5eae9cbc5e712079fa43fb,GCST90301992,0.8638917853534451
90e865f2b77c0950353668a01dd50264,401bbd5ac8207a1ef645e9377b4827e1,GCST90446113,0.9943738402583542
90ea23a1df56ac39a4b57cd262d520f3,28659a936d459a1ba35befc4e3f54f5c,GCST90302151,0.9332116476627014
90ea23a1df56ac39a4b57cd262d520f3,3ad214c831e983c7df88ca81ae34e9a7,GCST90302151,0.7662223785224519
90ec64cc2a3931ff1ce25650500cd7bb,7cfedbdccb1ebb6fb3de7f63b6d8c86a,GCST90476365,0.22202961282930198
90f00e4550c698c23663337b4c375a36,d14421e2f2f35aa744954a90b6e0d468,GCST90018850,0.9953634231691598
90f2fe05d847009e81aa8206cec003bd,89fdc65cd090b3c76d5707a746ba8619,GCST90092966,0.991819347192394
